game_id,week,played_at,away_team,away_win_pct,draw_pct,home_win_pct,home_team
13852848,7,2026-10-15T18:45:00,FA Rat United FC,38.0,12.4,49.6,Gowanus Canal Shrimps
13852849,7,2026-10-15T19:35:00,Say My Neymar,44.1,12.6,43.4,Off in the shower
13852850,7,2026-10-15T20:20:00,The Other Secret Team,58.8,11.7,29.5,Runny Gyoks FC
13852851,7,2026-10-15T21:05:00,Rat City FC,16.7,9.1,74.2,Pacific Penguins FC
13852852,8,2026-10-22T18:45:00,HEYTEA FC,34.6,12.2,53.1,Off in the shower
13852853,8,2026-10-22T19:35:00,Runny Gyoks FC,26.0,11.2,62.8,Pacific Penguins FC
13852854,8,2026-10-22T20:20:00,The Other Secret Team,62.1,11.3,26.6,FA Rat United FC
13852855,8,2026-10-22T21:05:00,Fearless United,21.5,10.3,68.2,Gowanus Canal Shrimps
13852856,9,2026-10-29T18:45:00,Fearless United,34.3,12.2,53.5,Rat City FC
13852857,9,2026-10-29T19:35:00,Off in the shower,25.8,11.1,63.1,The Other Secret Team
13852858,9,2026-10-29T20:20:00,HEYTEA FC,34.3,12.2,53.5,Say My Neymar
13852859,9,2026-10-29T21:05:00,Pacific Penguins FC,66.1,10.7,23.3,FA Rat United FC
13852860,10,2026-11-05T18:45:00,Runny Gyoks FC,47.1,12.5,40.3,FA Rat United FC
13852861,10,2026-11-05T19:35:00,Gowanus Canal Shrimps,58.9,11.7,29.4,Rat City FC
13852862,10,2026-11-05T20:20:00,Fearless United,35.3,12.3,52.5,HEYTEA FC
13852863,10,2026-11-05T21:05:00,The Other Secret Team,62.8,11.2,26.0,Say My Neymar
