projected_rank,team,current_points,expected_remaining_points,expected_points,expected_wins,expected_losses,expected_ties,average_finish,first_pct,top_four_pct
1,Pacific Penguins FC,9,9.29,18.29,5.98,1.67,0.35,1.47,71.06,98.35
2,The Other Secret Team,3,11.96,14.96,4.85,2.74,0.42,2.9,14.7,84.52
3,Say My Neymar,6,7.28,13.28,4.24,3.2,0.57,4.47,4.17,54.93
4,Runny Gyoks FC,6,6.86,12.86,4.1,3.34,0.56,4.73,4.32,49.29
5,Rat City FC,6,6.69,12.69,4.04,3.38,0.58,5.11,3.87,41.94
6,Gowanus Canal Shrimps,3,8.03,11.03,3.47,3.92,0.6,5.73,1.06,32.52
7,Off in the shower,6,5.14,11.14,3.56,3.99,0.44,6.01,0.54,23.95
8,FA Rat United FC,3,5.58,8.58,2.68,4.78,0.54,7.48,0.22,8.86
9,Fearless United,3,4.28,7.28,2.25,5.23,0.51,8.49,0.03,2.84
10,HEYTEA FC,3,4.37,7.37,2.28,5.2,0.51,8.61,0.03,2.81
