tuning_rank,ridge,margin_cap,draw_prior_rate,sigma_scale,is_pre_tuning,is_production,matches,log_loss,baseline_log_loss,brier,accuracy,confidence,confidence_gap
1,0.5,4,0.17,1.2,False,True,131.0,0.84546,0.97227,0.49589,0.64885,0.62122,-0.02764
2,0.5,4,0.22,1.4,False,False,131.0,0.84569,0.97227,0.49628,0.62595,0.62563,-0.00033
3,0.5,4,0.27,1.7,False,False,131.0,0.846,0.97227,0.49652,0.62595,0.62266,-0.00329
4,0.5,4,0.12,1.0,False,False,131.0,0.84669,0.97227,0.49612,0.62595,0.61497,-0.01098
5,0.5,5,0.12,1.0,False,False,131.0,0.84673,0.97227,0.49568,0.64122,0.63585,-0.00537
6,0.5,5,0.17,1.2,False,False,131.0,0.84745,0.97227,0.49647,0.64885,0.64308,-0.00577
7,0.5,5,0.17,1.4,False,False,131.0,0.84772,0.97227,0.49617,0.64122,0.62595,-0.01527
8,0.5,5,0.22,1.7,False,False,131.0,0.84824,0.97227,0.49664,0.64122,0.62632,-0.0149
9,0.5,5,0.27,2.0,False,False,131.0,0.84884,0.97227,0.49709,0.64885,0.62669,-0.02217
10,0.5,3,0.17,1.0,False,False,131.0,0.84912,0.97227,0.49896,0.64885,0.60767,-0.04119
11,0.5,4,0.17,1.4,False,False,131.0,0.84915,0.97227,0.49739,0.62595,0.60616,-0.01979
12,0.5,5,0.27,1.7,False,False,131.0,0.84918,0.97227,0.49759,0.64122,0.64481,0.00359
13,0.5,3,0.12,0.8,False,False,131.0,0.84921,0.97227,0.49879,0.62595,0.60565,-0.0203
14,0.5,4,0.22,1.7,False,False,131.0,0.84933,0.97227,0.49766,0.62595,0.60641,-0.01955
15,0.5,5,0.22,1.4,False,False,131.0,0.84938,0.97227,0.49758,0.64122,0.64811,0.00689
16,0.5,4,0.27,2.0,False,False,131.0,0.84962,0.97227,0.49795,0.63359,0.60669,-0.0269
17,0.5,3,0.22,1.2,False,False,131.0,0.8497,0.97227,0.49941,0.61832,0.60904,-0.00928
18,0.5,3,0.22,1.4,False,False,131.0,0.84979,0.97227,0.49951,0.61832,0.5955,-0.02282
19,0.5,4,0.12,0.8,False,False,131.0,0.85003,0.97227,0.49777,0.63359,0.63808,0.00449
20,0.5,4,0.17,1.0,False,False,131.0,0.85008,0.97227,0.4982,0.65649,0.64056,-0.01592
21,0.5,3,0.17,1.2,False,False,131.0,0.85043,0.97227,0.49971,0.64122,0.59196,-0.04927
22,0.5,3,0.27,1.4,False,False,131.0,0.85048,0.97227,0.49992,0.61832,0.61011,-0.00821
23,0.5,5,0.12,1.2,False,False,131.0,0.85067,0.97227,0.49701,0.64885,0.61641,-0.03244
24,0.5,3,0.27,1.7,False,False,131.0,0.85096,0.97227,0.50026,0.61069,0.59313,-0.01755
25,0.5,4,0.22,1.2,False,False,131.0,0.85098,0.97227,0.49884,0.62595,0.64221,0.01626
26,1.0,4,0.22,1.4,False,False,131.0,0.85123,0.97227,0.49955,0.62595,0.60497,-0.02098
27,1.0,5,0.17,1.2,False,False,131.0,0.85136,0.97227,0.49899,0.64885,0.62126,-0.02759
28,1.0,4,0.17,1.2,False,False,131.0,0.85162,0.97227,0.49969,0.64885,0.60127,-0.04758
29,1.0,5,0.12,1.0,False,False,131.0,0.85182,0.97227,0.49904,0.64122,0.61506,-0.02616
30,1.0,4,0.27,1.7,False,False,131.0,0.8519,0.97227,0.50003,0.62595,0.60232,-0.02364
31,0.5,4,0.27,1.4,False,False,131.0,0.85211,0.97227,0.49948,0.62595,0.64347,0.01751
32,1.0,5,0.22,1.4,False,False,131.0,0.85219,0.97227,0.49948,0.64122,0.62563,-0.01559
33,1.0,5,0.27,1.7,False,False,131.0,0.85246,0.97227,0.49975,0.64122,0.62265,-0.01858
34,0.5,3,0.12,1.0,False,False,131.0,0.85255,0.97227,0.50068,0.61832,0.58701,-0.03131
35,1.0,4,0.17,1.0,False,False,131.0,0.85299,0.97227,0.49995,0.65649,0.61817,-0.03832
36,1.0,4,0.12,0.8,False,False,131.0,0.85335,0.97227,0.49994,0.63359,0.6162,-0.01739
37,1.0,4,0.22,1.2,False,False,131.0,0.85347,0.97227,0.50029,0.62595,0.6195,-0.00645
38,1.0,4,0.12,1.0,False,False,131.0,0.85347,0.97227,0.50059,0.62595,0.59609,-0.02987
39,0.5,4,0.12,1.2,False,False,131.0,0.85375,0.97227,0.49935,0.64885,0.59802,-0.05083
40,1.0,5,0.17,1.4,False,False,131.0,0.85405,0.97227,0.50035,0.64122,0.60623,-0.03499
41,1.0,4,0.27,1.4,False,False,131.0,0.8542,0.97227,0.5007,0.62595,0.62054,-0.00541
42,1.0,5,0.22,1.7,False,False,131.0,0.85444,0.97227,0.5007,0.64122,0.60645,-0.03477
43,1.0,5,0.27,2.0,False,False,131.0,0.8549,0.97227,0.50105,0.64885,0.60671,-0.04215
44,0.5,2,0.22,1.2,False,False,131.0,0.85499,0.97227,0.5019,0.64122,0.56262,-0.0786
45,0.5,5,0.22,2.0,False,False,131.0,0.855,0.97227,0.49936,0.64885,0.6097,-0.03916
46,0.5,2,0.17,1.0,False,False,131.0,0.85504,0.97227,0.50195,0.66412,0.56173,-0.1024
47,0.5,2,0.27,1.4,False,False,131.0,0.85516,0.97227,0.502,0.64122,0.56332,-0.07791
48,1.0,3,0.17,1.0,False,False,131.0,0.8554,0.97227,0.50272,0.64122,0.58749,-0.05373
49,1.0,3,0.12,0.8,False,False,131.0,0.85568,0.97227,0.50287,0.61832,0.58603,-0.03229
50,0.5,2,0.27,1.2,False,False,131.0,0.85573,0.97227,0.50137,0.64122,0.57253,-0.06869
51,0.5,2,0.12,0.8,False,False,131.0,0.85575,0.97227,0.50241,0.64885,0.56045,-0.08841
52,1.0,3,0.22,1.2,False,False,131.0,0.85575,0.97227,0.50293,0.61069,0.58851,-0.02218
53,0.5,2,0.22,1.0,False,False,131.0,0.85586,0.97227,0.50129,0.64122,0.57351,-0.06772
54,1.0,3,0.27,1.4,False,False,131.0,0.85628,0.97227,0.50324,0.61069,0.58931,-0.02138
55,0.5,5,0.17,1.7,False,False,131.0,0.85653,0.97227,0.4998,0.64122,0.60632,-0.0349
56,0.5,2,0.17,0.8,False,False,131.0,0.8567,0.97227,0.50154,0.64122,0.57504,-0.06618
57,1.0,5,0.12,0.8,False,False,131.0,0.85676,0.97227,0.50078,0.64885,0.63814,-0.01071
58,0.5,5,0.12,0.8,False,False,131.0,0.85676,0.97227,0.50007,0.64885,0.6618,0.01295
59,1.0,4,0.17,1.4,False,False,131.0,0.85682,0.97227,0.50256,0.62595,0.58833,-0.03762
60,1.0,4,0.22,1.7,False,False,131.0,0.85699,0.97227,0.50276,0.62595,0.58842,-0.03753
61,0.5,3,0.17,1.4,False,False,131.0,0.85708,0.97227,0.5033,0.61832,0.58003,-0.03829
62,1.0,4,0.27,2.0,False,False,131.0,0.85723,0.97227,0.50298,0.63359,0.58858,-0.04501
63,0.5,3,0.22,1.7,False,False,131.0,0.85739,0.97227,0.50361,0.61832,0.58023,-0.0381
64,1.0,3,0.22,1.4,False,False,131.0,0.85743,0.97227,0.50439,0.61069,0.57718,-0.03351
65,1.0,5,0.17,1.0,False,False,131.0,0.85751,0.97227,0.50133,0.65649,0.64056,-0.01592
66,0.5,3,0.27,2.0,False,False,131.0,0.85773,0.97227,0.50391,0.62595,0.58045,-0.0455
67,1.0,5,0.12,1.2,False,False,131.0,0.8579,0.97227,0.50206,0.64885,0.59812,-0.05074
68,1.0,3,0.17,1.2,False,False,131.0,0.85836,0.97227,0.50495,0.64122,0.57437,-0.06685
69,0.5,5,0.17,1.0,False,False,131.0,0.85838,0.97227,0.50108,0.65649,0.66466,0.00817
70,0.5,4,0.22,2.0,False,False,131.0,0.85846,0.97227,0.50197,0.63359,0.592,-0.04159
71,0.5,3,0.27,1.2,False,False,131.0,0.85851,0.97227,0.50354,0.61832,0.62481,0.00649
72,1.0,3,0.27,1.7,False,False,131.0,0.85876,0.97227,0.50529,0.60305,0.57512,-0.02793
73,1.0,5,0.22,1.2,False,False,131.0,0.85891,0.97227,0.50201,0.64122,0.64216,0.00094
74,0.5,3,0.22,1.0,False,False,131.0,0.85945,0.97227,0.50381,0.61832,0.62643,0.00811
75,0.5,2,0.22,1.4,False,False,131.0,0.85954,0.97227,0.50543,0.64122,0.55441,-0.08682
76,0.5,5,0.12,1.4,False,False,131.0,0.85963,0.97227,0.50094,0.64122,0.60154,-0.03968
77,2.0,5,0.22,1.4,False,False,131.0,0.85981,0.97227,0.50498,0.64885,0.59422,-0.05464
78,2.0,5,0.17,1.2,False,False,131.0,0.85999,0.97227,0.50517,0.65649,0.59092,-0.06557
79,0.5,,0.12,1.2,False,False,131.0,0.86036,0.97227,0.50009,0.65649,0.64502,-0.01146
80,1.0,5,0.27,1.4,False,False,131.0,0.86042,0.97227,0.50267,0.64122,0.64337,0.00215
81,0.5,4,0.17,1.7,False,False,131.0,0.86053,0.97227,0.50283,0.62595,0.58918,-0.03678
82,0.5,5,0.22,1.2,False,False,131.0,0.86055,0.97227,0.50206,0.64122,0.6665,0.02528
83,2.0,5,0.27,1.7,False,False,131.0,0.86058,0.97227,0.50558,0.64885,0.59176,-0.05709
84,1.0,3,0.12,1.0,False,False,131.0,0.86069,0.97227,0.50633,0.61832,0.57048,-0.04784
85,2.0,4,0.17,1.0,False,False,131.0,0.86086,0.97227,0.50545,0.65649,0.58671,-0.06978
86,2.0,4,0.22,1.2,False,False,131.0,0.86103,0.97227,0.5055,0.62595,0.58755,-0.03841
87,0.5,2,0.17,1.2,False,False,131.0,0.86115,0.97227,0.50651,0.65649,0.55224,-0.10424
88,0.5,2,0.27,1.7,False,False,131.0,0.86117,0.97227,0.50662,0.63359,0.55302,-0.08057
89,2.0,5,0.12,0.8,False,False,131.0,0.86119,0.97227,0.50476,0.65649,0.60462,-0.05186
90,2.0,5,0.17,1.0,False,False,131.0,0.86123,0.97227,0.50479,0.66412,0.60631,-0.05781
91,1.0,3,0.27,1.2,False,False,131.0,0.86142,0.97227,0.50518,0.61069,0.60183,-0.00886
92,2.0,4,0.27,1.4,False,False,131.0,0.86143,0.97227,0.50568,0.62595,0.58822,-0.03773
93,2.0,4,0.12,0.8,False,False,131.0,0.86144,0.97227,0.5058,0.63359,0.5855,-0.04809
94,2.0,5,0.12,1.0,False,False,131.0,0.86148,0.97227,0.50607,0.64885,0.5863,-0.06255
95,2.0,4,0.22,1.4,False,False,131.0,0.86169,0.97227,0.50677,0.62595,0.57641,-0.04954
96,1.0,4,0.12,1.2,False,False,131.0,0.86181,0.97227,0.50513,0.64885,0.58159,-0.06727
97,0.5,3,0.17,0.8,False,False,131.0,0.86185,0.97227,0.50464,0.61832,0.62891,0.01059
98,2.0,5,0.22,1.2,False,False,131.0,0.86193,0.97227,0.50512,0.64885,0.60745,-0.0414
99,1.0,3,0.22,1.0,False,False,131.0,0.86208,0.97227,0.50536,0.61069,0.60331,-0.00738
100,0.5,3,0.12,1.2,False,False,131.0,0.86239,0.97227,0.50604,0.63359,0.5737,-0.05988
101,2.0,4,0.17,1.2,False,False,131.0,0.86257,0.97227,0.50741,0.64885,0.57378,-0.07507
102,1.0,5,0.22,2.0,False,False,131.0,0.86268,0.97227,0.5048,0.64885,0.59205,-0.0568
103,2.0,4,0.27,1.7,False,False,131.0,0.86272,0.97227,0.50753,0.62595,0.57428,-0.05168
104,0.5,5,0.27,1.4,False,False,131.0,0.86275,0.97227,0.50293,0.64122,0.66788,0.02666
105,2.0,5,0.27,1.4,False,False,131.0,0.8628,0.97227,0.5055,0.64885,0.60834,-0.04051
106,0.5,,0.12,1.4,False,False,131.0,0.86349,0.97227,0.5016,0.65649,0.62744,-0.02904
107,0.5,,0.17,1.7,False,False,131.0,0.86375,0.97227,0.50177,0.65649,0.63385,-0.02264
108,1.0,3,0.17,0.8,False,False,131.0,0.86394,0.97227,0.50603,0.61069,0.6056,-0.00509
109,1.0,,0.12,1.2,False,False,131.0,0.86418,0.97227,0.50352,0.65649,0.62461,-0.03187
110,0.5,4,0.12,1.4,False,False,131.0,0.86424,0.97227,0.50449,0.64122,0.58522,-0.056
111,0.5,2,0.12,1.0,False,False,131.0,0.86426,0.97227,0.50853,0.64122,0.54926,-0.09196
112,1.0,5,0.17,1.7,False,False,131.0,0.86444,0.97227,0.50553,0.64122,0.58925,-0.05197
113,1.0,2,0.22,1.2,False,False,131.0,0.86452,0.97227,0.50839,0.62595,0.54674,-0.07922
114,1.0,2,0.17,1.0,False,False,131.0,0.86456,0.97227,0.50851,0.65649,0.54616,-0.11032
115,1.0,2,0.27,1.2,False,False,131.0,0.86465,0.97227,0.50707,0.62595,0.55427,-0.07169
116,1.0,2,0.27,1.4,False,False,131.0,0.86466,0.97227,0.50842,0.62595,0.54719,-0.07876
117,1.0,2,0.22,1.0,False,False,131.0,0.86471,0.97227,0.50694,0.62595,0.55511,-0.07085
118,0.5,,0.17,1.4,False,False,131.0,0.86474,0.97227,0.50132,0.65649,0.65671,0.00022
119,2.0,4,0.12,1.0,False,False,131.0,0.86483,0.97227,0.50885,0.62595,0.57014,-0.05582
120,2.0,5,0.17,1.4,False,False,131.0,0.86495,0.97227,0.50833,0.64885,0.5792,-0.06966
121,0.5,,0.22,2.0,False,False,131.0,0.86507,0.97227,0.50222,0.65649,0.63823,-0.01826
122,0.5,2,0.27,1.0,False,False,131.0,0.86509,0.97227,0.50518,0.64122,0.58451,-0.05671
123,1.0,2,0.12,0.8,False,False,131.0,0.86519,0.97227,0.50902,0.63359,0.54535,-0.08823
124,2.0,5,0.22,1.7,False,False,131.0,0.86527,0.97227,0.5086,0.64885,0.57923,-0.06962
125,1.0,2,0.17,0.8,False,False,131.0,0.86537,0.97227,0.5071,0.62595,0.55642,-0.06953
126,1.0,3,0.17,1.4,False,False,131.0,0.86556,0.97227,0.50939,0.61832,0.56453,-0.05379
127,2.0,5,0.27,2.0,False,False,131.0,0.86561,0.97227,0.50886,0.65649,0.57934,-0.07715
128,1.0,4,0.27,1.2,False,False,131.0,0.86564,0.97227,0.50513,0.62595,0.63615,0.01019
129,1.0,3,0.22,1.7,False,False,131.0,0.86589,0.97227,0.50967,0.61069,0.56457,-0.04612
130,1.0,,0.17,1.4,False,False,131.0,0.86594,0.97227,0.50362,0.65649,0.63506,-0.02143
131,1.0,3,0.27,2.0,False,False,131.0,0.8662,0.97227,0.50992,0.61832,0.56467,-0.05366
132,1.0,,0.12,1.0,False,False,131.0,0.86623,0.97227,0.50321,0.65649,0.64477,-0.01171
133,0.5,,0.12,1.0,False,False,131.0,0.86682,0.97227,0.50182,0.65649,0.66736,0.01087
134,1.0,4,0.22,2.0,False,False,131.0,0.86688,0.97227,0.50811,0.63359,0.57618,-0.05741
135,2.0,3,0.17,1.0,False,False,131.0,0.86691,0.97227,0.51057,0.63359,0.5601,-0.07349
136,2.0,3,0.22,1.2,False,False,131.0,0.86712,0.97227,0.5106,0.60305,0.56064,-0.04242
137,2.0,3,0.12,0.8,False,False,131.0,0.86723,0.97227,0.5109,0.61069,0.55933,-0.05135
138,1.0,4,0.22,1.0,False,False,131.0,0.86739,0.97227,0.50567,0.62595,0.63795,0.012
139,2.0,3,0.27,1.4,False,False,131.0,0.86749,0.97227,0.51075,0.60305,0.56108,-0.04197
140,0.5,,0.22,1.7,False,False,131.0,0.86752,0.97227,0.50213,0.65649,0.65745,0.00096
141,1.0,5,0.12,1.4,False,False,131.0,0.86773,0.97227,0.50698,0.64122,0.58531,-0.05591
142,2.0,4,0.27,1.2,False,False,131.0,0.86781,0.97227,0.5077,0.62595,0.60048,-0.02548
143,1.0,,0.22,1.7,False,False,131.0,0.86803,0.97227,0.50431,0.65649,0.63573,-0.02076
144,0.5,3,0.22,2.0,False,False,131.0,0.86819,0.97227,0.50952,0.62595,0.56901,-0.05695
145,0.5,4,0.27,1.2,False,False,131.0,0.86848,0.97227,0.50591,0.62595,0.66088,0.03492
146,1.0,,0.17,1.7,False,False,131.0,0.86876,0.97227,0.50604,0.65649,0.61459,-0.0419
147,0.5,5,0.17,2.0,False,False,131.0,0.86882,0.97227,0.50545,0.64122,0.59173,-0.04949
148,2.0,4,0.22,1.0,False,False,131.0,0.86895,0.97227,0.50806,0.62595,0.60206,-0.0239
149,2.0,4,0.17,1.4,False,False,131.0,0.86897,0.97227,0.51159,0.62595,0.56406,-0.06189
150,1.0,4,0.17,1.7,False,False,131.0,0.869,0.97227,0.50914,0.62595,0.57391,-0.05204
151,1.0,2,0.22,1.4,False,False,131.0,0.86906,0.97227,0.51234,0.62595,0.54049,-0.08546
152,1.0,,0.22,2.0,False,False,131.0,0.86914,0.97227,0.50607,0.65649,0.61845,-0.03804
153,2.0,4,0.22,1.7,False,False,131.0,0.86918,0.97227,0.51177,0.62595,0.56397,-0.06198
154,2.0,,0.12,1.0,False,False,131.0,0.86927,0.97227,0.50771,0.66412,0.61263,-0.05149
155,2.0,4,0.27,2.0,False,False,131.0,0.86941,0.97227,0.51195,0.63359,0.56398,-0.06961
156,2.0,5,0.12,1.2,False,False,131.0,0.86948,0.97227,0.51083,0.65649,0.57317,-0.08331
157,1.0,,0.12,1.4,False,False,131.0,0.86953,0.97227,0.50645,0.65649,0.60902,-0.04747
158,1.0,,0.27,2.0,False,False,131.0,0.86986,0.97227,0.5049,0.65649,0.6363,-0.02019
159,0.5,2,0.17,1.4,False,False,131.0,0.86988,0.97227,0.51237,0.64122,0.54521,-0.09601
160,2.0,3,0.22,1.4,False,False,131.0,0.86994,0.97227,0.5133,0.60305,0.55264,-0.05041
161,0.5,,0.27,2.0,False,False,131.0,0.86994,0.97227,0.50281,0.65649,0.65806,0.00157
162,0.5,2,0.22,1.7,False,False,131.0,0.87008,0.97227,0.51259,0.64122,0.54536,-0.09586
163,2.0,3,0.27,1.2,False,False,131.0,0.87009,0.97227,0.51095,0.60305,0.57007,-0.03299
164,0.5,2,0.27,2.0,False,False,131.0,0.87027,0.97227,0.51277,0.64885,0.54552,-0.10334
165,0.5,3,0.17,1.7,False,False,131.0,0.87034,0.97227,0.51055,0.61832,0.56683,-0.05149
166,0.5,2,0.22,0.8,False,False,131.0,0.87037,0.97227,0.50747,0.65649,0.58838,-0.06811
167,2.0,3,0.22,1.0,False,False,131.0,0.87045,0.97227,0.511,0.60305,0.57128,-0.03177
168,1.0,2,0.17,1.2,False,False,131.0,0.87057,0.97227,0.51348,0.65649,0.53895,-0.11754
169,1.0,2,0.27,1.7,False,False,131.0,0.87066,0.97227,0.51356,0.61832,0.53938,-0.07894
170,0.5,4,0.22,1.0,False,False,131.0,0.87071,0.97227,0.50657,0.62595,0.6628,0.03685
171,0.5,,0.17,2.0,False,False,131.0,0.87081,0.97227,0.50506,0.65649,0.61636,-0.04012
172,1.0,3,0.12,1.2,False,False,131.0,0.87088,0.97227,0.51242,0.62595,0.55952,-0.06643
173,2.0,,0.17,1.4,False,False,131.0,0.87096,0.97227,0.50925,0.66412,0.60454,-0.05958
174,2.0,3,0.17,1.2,False,False,131.0,0.871,0.97227,0.51413,0.62595,0.55083,-0.07513
175,1.0,4,0.17,0.8,False,False,131.0,0.87115,0.97227,0.50685,0.62595,0.6407,0.01475
176,2.0,3,0.27,1.7,False,False,131.0,0.87137,0.97227,0.51436,0.59542,0.55108,-0.04434
177,2.0,4,0.17,0.8,False,False,131.0,0.87155,0.97227,0.50895,0.62595,0.60447,-0.02149
178,2.0,3,0.17,0.8,False,False,131.0,0.87168,0.97227,0.51144,0.60305,0.57316,-0.0299
179,2.0,,0.12,1.2,False,False,131.0,0.8719,0.97227,0.51041,0.66412,0.59617,-0.06795
180,2.0,,0.17,1.2,False,False,131.0,0.87208,0.97227,0.50799,0.66412,0.61911,-0.04501
181,1.0,2,0.27,1.0,False,False,131.0,0.87228,0.97227,0.50975,0.62595,0.56361,-0.06234
182,4.0,5,0.17,1.0,False,False,131.0,0.87235,0.97227,0.51349,0.64885,0.56449,-0.08436
183,2.0,,0.22,1.7,False,False,131.0,0.87235,0.97227,0.50978,0.66412,0.60505,-0.05907
184,1.0,,0.17,1.2,False,False,131.0,0.87238,0.97227,0.50459,0.65649,0.65267,-0.00382
185,4.0,5,0.22,1.2,False,False,131.0,0.87262,0.97227,0.51355,0.63359,0.56507,-0.06851
186,4.0,5,0.12,0.8,False,False,131.0,0.87264,0.97227,0.51379,0.63359,0.56366,-0.06993
187,1.0,4,0.12,1.4,False,False,131.0,0.87265,0.97227,0.51094,0.64122,0.57075,-0.07047
188,4.0,5,0.27,1.4,False,False,131.0,0.87306,0.97227,0.51372,0.62595,0.56554,-0.06042
189,2.0,3,0.12,1.0,False,False,131.0,0.87332,0.97227,0.51574,0.60305,0.54833,-0.05472
190,1.0,2,0.12,1.0,False,False,131.0,0.87345,0.97227,0.5155,0.63359,0.53684,-0.09675
191,2.0,,0.27,2.0,False,False,131.0,0.87356,0.97227,0.51024,0.66412,0.60549,-0.05863
192,2.0,5,0.27,1.2,False,False,131.0,0.87364,0.97227,0.5091,0.64885,0.62263,-0.02622
193,4.0,5,0.22,1.4,False,False,131.0,0.87384,0.97227,0.51559,0.62595,0.55662,-0.06933
194,0.5,4,0.17,2.0,False,False,131.0,0.87396,0.97227,0.50953,0.62595,0.5767,-0.04925
195,0.5,3,0.12,1.4,False,False,131.0,0.874,0.97227,0.51234,0.63359,0.56381,-0.06977
196,2.0,4,0.12,1.2,False,False,131.0,0.87408,0.97227,0.51458,0.64885,0.55928,-0.08958
197,4.0,5,0.17,1.2,False,False,131.0,0.87463,0.97227,0.51628,0.64122,0.55468,-0.08654
198,2.0,5,0.22,2.0,False,False,131.0,0.87467,0.97227,0.51403,0.65649,0.5682,-0.08829
199,4.0,5,0.27,1.7,False,False,131.0,0.87496,0.97227,0.5165,0.62595,0.55498,-0.07098
200,0.5,,0.12,1.7,False,False,131.0,0.87499,0.97227,0.50668,0.65649,0.60741,-0.04908
201,2.0,5,0.22,1.0,False,False,131.0,0.87508,0.97227,0.50953,0.64885,0.62437,-0.02449
202,0.5,4,0.17,0.8,False,False,131.0,0.87538,0.97227,0.50795,0.62595,0.66571,0.03976
203,4.0,4,0.17,1.0,False,False,131.0,0.87538,0.97227,0.51619,0.64885,0.54875,-0.1001
204,4.0,4,0.22,1.2,False,False,131.0,0.87544,0.97227,0.51611,0.61832,0.54905,-0.06927
205,2.0,,0.22,1.4,False,False,131.0,0.87559,0.97227,0.50859,0.66412,0.62361,-0.04051
206,4.0,4,0.27,1.4,False,False,131.0,0.87569,0.97227,0.51616,0.61832,0.5493,-0.06902
207,0.5,5,0.12,1.7,False,False,131.0,0.87578,0.97227,0.5085,0.64122,0.58496,-0.05626
208,0.5,2,0.12,1.2,False,False,131.0,0.87585,0.97227,0.51602,0.64885,0.54148,-0.10738
209,4.0,4,0.12,0.8,False,False,131.0,0.8759,0.97227,0.51666,0.62595,0.54834,-0.07761
210,2.0,,0.27,1.7,False,False,131.0,0.87593,0.97227,0.50899,0.66412,0.62091,-0.04321
211,0.5,,0.17,1.2,False,False,131.0,0.8761,0.97227,0.50406,0.65649,0.67597,0.01949
212,2.0,5,0.17,1.7,False,False,131.0,0.87656,0.97227,0.51498,0.64885,0.56619,-0.08267
213,4.0,5,0.12,1.0,False,False,131.0,0.87665,0.97227,0.51772,0.62595,0.55199,-0.07396
214,1.0,3,0.22,2.0,False,False,131.0,0.87676,0.97227,0.51609,0.61832,0.5554,-0.06292
215,1.0,2,0.22,0.8,False,False,131.0,0.87678,0.97227,0.5117,0.64122,0.56676,-0.07446
216,2.0,,0.22,2.0,False,False,131.0,0.87712,0.97227,0.51344,0.66412,0.59103,-0.07309
217,1.0,5,0.17,2.0,False,False,131.0,0.87721,0.97227,0.51196,0.64122,0.57678,-0.06444
218,1.0,,0.17,2.0,False,False,131.0,0.87757,0.97227,0.51058,0.65649,0.59919,-0.0573
219,2.0,,0.17,1.7,False,False,131.0,0.87767,0.97227,0.51386,0.66412,0.58801,-0.07611
220,4.0,4,0.22,1.4,False,False,131.0,0.87783,0.97227,0.5189,0.61832,0.54256,-0.07576
221,4.0,5,0.27,1.2,False,False,131.0,0.87792,0.97227,0.51464,0.62595,0.57493,-0.05102
222,2.0,5,0.17,0.8,False,False,131.0,0.87829,0.97227,0.51053,0.64885,0.627,-0.02185
223,2.0,3,0.17,1.4,False,False,131.0,0.87831,0.97227,0.51918,0.60305,0.54396,-0.05909
224,4.0,4,0.27,1.2,False,False,131.0,0.87844,0.97227,0.51609,0.61832,0.55659,-0.06173
225,4.0,,0.12,1.0,False,False,131.0,0.87851,0.97227,0.51693,0.63359,0.57313,-0.06046
226,1.0,,0.27,1.7,False,False,131.0,0.87851,0.97227,0.50596,0.65649,0.65481,-0.00167
227,4.0,5,0.22,1.0,False,False,131.0,0.87865,0.97227,0.51481,0.63359,0.57621,-0.05738
228,2.0,3,0.22,1.7,False,False,131.0,0.87866,0.97227,0.51946,0.60305,0.54385,-0.0592
229,4.0,,0.17,1.2,False,False,131.0,0.8787,0.97227,0.51623,0.64122,0.57754,-0.06369
230,2.0,2,0.17,1.0,False,False,131.0,0.87874,0.97227,0.51894,0.64885,0.52518,-0.12367
231,1.0,5,0.27,1.2,False,False,131.0,0.87875,0.97227,0.50883,0.64122,0.66068,0.01946
232,2.0,2,0.22,1.2,False,False,131.0,0.87877,0.97227,0.51882,0.61832,0.52538,-0.09294
233,1.0,,0.22,1.4,False,False,131.0,0.8788,0.97227,0.50594,0.65649,0.65801,0.00153
234,1.0,3,0.17,1.7,False,False,131.0,0.87884,0.97227,0.51718,0.61069,0.55373,-0.05695
235,4.0,4,0.17,1.2,False,False,131.0,0.87888,0.97227,0.51979,0.64122,0.54121,-0.10001
236,1.0,2,0.17,1.4,False,False,131.0,0.87888,0.97227,0.51941,0.63359,0.53364,-0.09994
237,2.0,2,0.27,1.2,False,False,131.0,0.87892,0.97227,0.51706,0.61832,0.52946,-0.08886
238,2.0,2,0.22,1.0,False,False,131.0,0.87893,0.97227,0.51688,0.61832,0.53003,-0.08829
239,2.0,2,0.27,1.4,False,False,131.0,0.87894,0.97227,0.51883,0.61832,0.52554,-0.09278
240,2.0,3,0.27,2.0,False,False,131.0,0.87898,0.97227,0.5197,0.61069,0.54382,-0.06687
241,4.0,4,0.22,1.0,False,False,131.0,0.87899,0.97227,0.5162,0.61832,0.55771,-0.06061
242,4.0,4,0.27,1.7,False,False,131.0,0.87905,0.97227,0.51989,0.61832,0.54121,-0.07712
243,1.0,3,0.27,1.0,False,False,131.0,0.87909,0.97227,0.51239,0.61069,0.6178,0.00712
244,1.0,2,0.22,1.7,False,False,131.0,0.87913,0.97227,0.51964,0.62595,0.53367,-0.09228
245,2.0,2,0.12,0.8,False,False,131.0,0.87918,0.97227,0.5194,0.62595,0.52491,-0.10105
246,1.0,2,0.27,2.0,False,False,131.0,0.87934,0.97227,0.51982,0.63359,0.53373,-0.09986
247,2.0,,0.12,1.4,False,False,131.0,0.87942,0.97227,0.51482,0.66412,0.5837,-0.08043
248,2.0,4,0.22,2.0,False,False,131.0,0.87942,0.97227,0.51795,0.63359,0.55491,-0.07867
249,2.0,2,0.17,0.8,False,False,131.0,0.87946,0.97227,0.51694,0.61832,0.53091,-0.08741
250,4.0,,0.22,1.4,False,False,131.0,0.87983,0.97227,0.51607,0.63359,0.58065,-0.05294
251,2.0,5,0.12,1.4,False,False,131.0,0.87987,0.97227,0.51662,0.64885,0.56339,-0.08546
252,2.0,,0.12,0.8,False,False,131.0,0.87992,0.97227,0.50925,0.66412,0.63498,-0.02914
253,4.0,,0.12,0.8,False,False,131.0,0.88038,0.97227,0.51492,0.63359,0.58884,-0.04475
254,4.0,4,0.17,0.8,False,False,131.0,0.88049,0.97227,0.51672,0.61832,0.55941,-0.05891
255,4.0,5,0.17,0.8,False,False,131.0,0.88051,0.97227,0.51542,0.62595,0.57817,-0.04779
256,4.0,,0.27,1.7,False,False,131.0,0.88069,0.97227,0.51684,0.63359,0.57874,-0.05485
257,4.0,5,0.17,1.4,False,False,131.0,0.88086,0.97227,0.52078,0.63359,0.54737,-0.08622
258,1.0,5,0.22,1.0,False,False,131.0,0.88087,0.97227,0.50946,0.64122,0.66264,0.02142
259,4.0,4,0.12,1.0,False,False,131.0,0.88115,0.97227,0.52145,0.61832,0.53935,-0.07897
260,4.0,5,0.22,1.7,False,False,131.0,0.88116,0.97227,0.52105,0.63359,0.54727,-0.08632
261,0.5,4,0.12,1.7,False,False,131.0,0.88133,0.97227,0.51303,0.62595,0.57109,-0.05486
262,4.0,5,0.27,2.0,False,False,131.0,0.88144,0.97227,0.52127,0.63359,0.54725,-0.08634
263,2.0,4,0.17,1.7,False,False,131.0,0.88148,0.97227,0.51905,0.62595,0.55338,-0.07258
264,0.5,3,0.27,1.0,False,False,131.0,0.88177,0.97227,0.51291,0.61832,0.64317,0.02485
265,4.0,,0.17,1.4,False,False,131.0,0.88178,0.97227,0.51953,0.64122,0.56751,-0.07371
266,0.5,2,0.22,2.0,False,False,131.0,0.88179,0.97227,0.51999,0.64885,0.53884,-0.11002
267,4.0,,0.17,1.0,False,False,131.0,0.88225,0.97227,0.51511,0.64885,0.59075,-0.05811
268,1.0,3,0.12,1.4,False,False,131.0,0.88234,0.97227,0.51898,0.62595,0.55144,-0.07452
269,2.0,3,0.27,1.0,False,False,131.0,0.88235,0.97227,0.51575,0.60305,0.58182,-0.02124
270,1.0,,0.12,1.7,False,False,131.0,0.88246,0.97227,0.51277,0.65649,0.59149,-0.065
271,1.0,4,0.17,2.0,False,False,131.0,0.88247,0.97227,0.5163,0.62595,0.56342,-0.06253
272,4.0,,0.22,1.7,False,False,131.0,0.8826,0.97227,0.51995,0.64122,0.56781,-0.07341
273,2.0,2,0.22,1.4,False,False,131.0,0.88277,0.97227,0.52285,0.61832,0.52193,-0.09639
274,4.0,,0.27,2.0,False,False,131.0,0.88332,0.97227,0.5203,0.63359,0.56809,-0.0655
275,2.0,3,0.12,1.2,False,False,131.0,0.88334,0.97227,0.52227,0.61832,0.54068,-0.07764
276,2.0,2,0.17,1.2,False,False,131.0,0.88403,0.97227,0.52394,0.64122,0.52119,-0.12003
277,4.0,3,0.17,1.0,False,False,131.0,0.88407,0.97227,0.52323,0.62595,0.52758,-0.09837
278,0.5,2,0.17,1.7,False,False,131.0,0.88409,0.97227,0.52128,0.64122,0.53755,-0.10367
279,2.0,,0.17,1.0,False,False,131.0,0.88414,0.97227,0.50997,0.67176,0.63774,-0.03402
280,1.0,5,0.12,1.7,False,False,131.0,0.88415,0.97227,0.51522,0.64122,0.57118,-0.07004
281,2.0,2,0.27,1.7,False,False,131.0,0.88423,0.97227,0.52407,0.61069,0.52124,-0.08944
282,4.0,,0.22,1.2,False,False,131.0,0.88425,0.97227,0.51549,0.64122,0.59201,-0.04921
283,4.0,3,0.22,1.2,False,False,131.0,0.88428,0.97227,0.52322,0.59542,0.52766,-0.06776
284,4.0,3,0.12,0.8,False,False,131.0,0.88428,0.97227,0.52355,0.60305,0.52749,-0.07556
285,0.5,3,0.17,2.0,False,False,131.0,0.88428,0.97227,0.51806,0.61832,0.55728,-0.06104
286,0.5,,0.27,1.7,False,False,131.0,0.8844,0.97227,0.50564,0.65649,0.67821,0.02172
287,1.0,2,0.12,1.2,False,False,131.0,0.88444,0.97227,0.52294,0.64122,0.53096,-0.11026
288,4.0,3,0.27,1.4,False,False,131.0,0.8846,0.97227,0.52331,0.59542,0.52773,-0.06769
289,4.0,,0.12,1.2,False,False,131.0,0.88469,0.97227,0.52167,0.63359,0.56193,-0.07166
290,2.0,4,0.12,1.4,False,False,131.0,0.88493,0.97227,0.52086,0.64122,0.55125,-0.08997
291,0.5,,0.22,1.4,False,False,131.0,0.88521,0.97227,0.50593,0.65649,0.6817,0.02521
292,1.0,5,0.17,0.8,False,False,131.0,0.8854,0.97227,0.51076,0.64122,0.66561,0.02438
293,2.0,2,0.27,1.0,False,False,131.0,0.88546,0.97227,0.51891,0.61832,0.53471,-0.08361
294,4.0,5,0.12,1.2,False,False,131.0,0.88555,0.97227,0.52367,0.63359,0.54383,-0.08976
295,4.0,4,0.17,1.4,False,False,131.0,0.88558,0.97227,0.52472,0.61832,0.53563,-0.08269
296,4.0,4,0.22,1.7,False,False,131.0,0.88583,0.97227,0.52495,0.61832,0.53543,-0.08289
297,4.0,3,0.27,1.2,False,False,131.0,0.886,0.97227,0.52241,0.59542,0.53195,-0.06347
298,4.0,4,0.27,2.0,False,False,131.0,0.88608,0.97227,0.52515,0.62595,0.53533,-0.09062
299,4.0,,0.27,1.4,False,False,131.0,0.8861,0.97227,0.51587,0.63359,0.59297,-0.04062
300,4.0,3,0.22,1.0,False,False,131.0,0.88614,0.97227,0.52232,0.59542,0.53269,-0.06273
301,2.0,2,0.12,1.0,False,False,131.0,0.88649,0.97227,0.5258,0.61832,0.52017,-0.09815
302,4.0,3,0.17,0.8,False,False,131.0,0.88691,0.97227,0.52252,0.59542,0.5338,-0.06162
303,0.5,1,0.27,1.2,False,False,131.0,0.88707,0.97227,0.52292,0.64885,0.5073,-0.14155
304,4.0,3,0.22,1.4,False,False,131.0,0.88719,0.97227,0.52651,0.59542,0.52393,-0.07149
305,1.0,,0.12,0.8,False,False,131.0,0.88725,0.97227,0.50826,0.65649,0.67127,0.01478
306,2.0,4,0.27,1.0,False,False,131.0,0.88744,0.97227,0.51488,0.62595,0.61606,-0.0099
307,0.5,1,0.22,1.0,False,False,131.0,0.88749,0.97227,0.52288,0.64122,0.50726,-0.13396
308,0.5,1,0.27,1.4,False,False,131.0,0.88762,0.97227,0.52534,0.64885,0.50634,-0.14251
309,1.0,3,0.22,0.8,False,False,131.0,0.88779,0.97227,0.51571,0.62595,0.62306,-0.0029
310,0.5,2,0.12,1.4,False,False,131.0,0.88783,0.97227,0.52331,0.64885,0.53578,-0.11308
311,0.5,1,0.22,1.2,False,False,131.0,0.8879,0.97227,0.5256,0.64122,0.50615,-0.13507
312,0.5,5,0.27,1.2,False,False,131.0,0.88795,0.97227,0.51094,0.64122,0.68667,0.04545
313,2.0,,0.17,2.0,False,False,131.0,0.88805,0.97227,0.51961,0.66412,0.57581,-0.08831
314,2.0,,0.22,1.2,False,False,131.0,0.88811,0.97227,0.51069,0.66412,0.63951,-0.02462
315,4.0,3,0.17,1.2,False,False,131.0,0.88813,0.97227,0.52738,0.61832,0.52324,-0.09508
316,0.5,1,0.17,1.0,False,False,131.0,0.88848,0.97227,0.52605,0.67176,0.50588,-0.16587
317,4.0,3,0.27,1.7,False,False,131.0,0.88853,0.97227,0.52764,0.58779,0.52309,-0.0647
318,0.5,1,0.17,0.8,False,False,131.0,0.88853,0.97227,0.5231,0.64885,0.50721,-0.14165
319,2.0,3,0.22,0.8,False,False,131.0,0.88877,0.97227,0.51838,0.61832,0.58591,-0.03241
320,0.5,,0.12,2.0,False,False,131.0,0.88895,0.97227,0.51293,0.65649,0.59259,-0.0639
321,2.0,3,0.22,2.0,False,False,131.0,0.88911,0.97227,0.52609,0.61069,0.53753,-0.07316
322,2.0,2,0.22,0.8,False,False,131.0,0.88931,0.97227,0.52058,0.63359,0.53662,-0.09697
323,2.0,5,0.17,2.0,False,False,131.0,0.88943,0.97227,0.52198,0.64885,0.55675,-0.0921
324,1.0,4,0.12,1.7,False,False,131.0,0.88961,0.97227,0.51983,0.62595,0.55888,-0.06708
325,0.5,1,0.12,0.8,False,False,131.0,0.88976,0.97227,0.52698,0.65649,0.50549,-0.151
326,4.0,,0.22,2.0,False,False,131.0,0.88994,0.97227,0.52512,0.63359,0.55837,-0.07522
327,4.0,3,0.12,1.0,False,False,131.0,0.89015,0.97227,0.52894,0.59542,0.52229,-0.07313
328,1.0,2,0.22,2.0,False,False,131.0,0.89021,0.97227,0.5269,0.63359,0.52878,-0.1048
329,4.0,4,0.12,1.2,False,False,131.0,0.89037,0.97227,0.52775,0.64122,0.5331,-0.10812
330,4.0,4,0.27,1.0,False,False,131.0,0.89039,0.97227,0.52042,0.61832,0.56614,-0.05218
331,0.5,5,0.22,1.0,False,False,131.0,0.89058,0.97227,0.51173,0.64122,0.68876,0.04754
332,4.0,5,0.22,2.0,False,False,131.0,0.8908,0.97227,0.52721,0.63359,0.54051,-0.09308
333,2.0,3,0.17,1.7,False,False,131.0,0.89103,0.97227,0.52714,0.60305,0.5365,-0.06655
334,4.0,,0.17,1.7,False,False,131.0,0.89115,0.97227,0.52584,0.63359,0.5564,-0.07719
335,2.0,2,0.17,1.4,False,False,131.0,0.89144,0.97227,0.5296,0.61832,0.51827,-0.10005
336,0.5,3,0.12,1.7,False,False,131.0,0.89146,0.97227,0.52161,0.61832,0.55303,-0.06529
337,2.0,,0.27,1.4,False,False,131.0,0.89163,0.97227,0.51134,0.66412,0.64082,-0.0233
338,2.0,2,0.22,1.7,False,False,131.0,0.89173,0.97227,0.52987,0.61832,0.5182,-0.10012
339,8.0,5,0.17,1.0,False,False,131.0,0.89179,0.97227,0.52858,0.63359,0.52099,-0.1126
340,0.5,1,0.22,1.4,False,False,131.0,0.89184,0.97227,0.52993,0.64885,0.50532,-0.14353
341,8.0,5,0.22,1.2,False,False,131.0,0.89193,0.97227,0.52855,0.62595,0.52107,-0.10489
342,0.5,1,0.27,1.0,False,False,131.0,0.89196,0.97227,0.52359,0.64885,0.50858,-0.14028
343,2.0,2,0.27,2.0,False,False,131.0,0.89198,0.97227,0.53008,0.62595,0.51817,-0.10779
344,0.5,5,0.12,2.0,False,False,131.0,0.89203,0.97227,0.51623,0.64122,0.57291,-0.06831
345,8.0,5,0.12,0.8,False,False,131.0,0.8921,0.97227,0.52891,0.62595,0.52087,-0.10508
346,8.0,5,0.27,1.4,False,False,131.0,0.89221,0.97227,0.52863,0.62595,0.52113,-0.10482
347,1.0,2,0.17,1.7,False,False,131.0,0.89233,0.97227,0.52811,0.62595,0.5279,-0.09806
348,1.0,3,0.17,2.0,False,False,131.0,0.89243,0.97227,0.52478,0.61832,0.54598,-0.07235
349,8.0,,0.12,0.8,False,False,131.0,0.8925,0.97227,0.52744,0.63359,0.53947,-0.09412
350,0.5,3,0.22,0.8,False,False,131.0,0.89261,0.97227,0.51679,0.63359,0.649,0.01542
351,4.0,5,0.17,1.7,False,False,131.0,0.89265,0.97227,0.52821,0.62595,0.53939,-0.08657
352,0.5,1,0.27,1.7,False,False,131.0,0.89287,0.97227,0.53095,0.64122,0.50528,-0.13594
353,8.0,,0.17,1.0,False,False,131.0,0.89302,0.97227,0.52735,0.64122,0.54046,-0.10077
354,2.0,,0.12,1.7,False,False,131.0,0.89354,0.97227,0.52225,0.66412,0.56989,-0.09423
355,0.5,1,0.17,1.2,False,False,131.0,0.89354,0.97227,0.53134,0.66412,0.50496,-0.15916
356,4.0,,0.12,1.4,False,False,131.0,0.89355,0.97227,0.52712,0.63359,0.55362,-0.07997
357,8.0,,0.22,1.4,False,False,131.0,0.8937,0.97227,0.52975,0.63359,0.53575,-0.09784
358,8.0,,0.22,1.2,False,False,131.0,0.89383,0.97227,0.5275,0.63359,0.54112,-0.09247
359,8.0,,0.17,1.2,False,False,131.0,0.89384,0.97227,0.53031,0.63359,0.53425,-0.09934
360,8.0,5,0.22,1.4,False,False,131.0,0.89396,0.97227,0.53151,0.62595,0.51825,-0.10771
361,4.0,5,0.27,1.0,False,False,131.0,0.89396,0.97227,0.52029,0.62595,0.58706,-0.0389
362,2.0,3,0.12,1.4,False,False,131.0,0.89422,0.97227,0.52881,0.61832,0.53509,-0.08323
363,1.0,,0.17,1.0,False,False,131.0,0.89439,0.97227,0.50944,0.66412,0.67449,0.01037
364,8.0,5,0.27,1.2,False,False,131.0,0.89455,0.97227,0.52804,0.62595,0.5243,-0.10165
365,2.0,4,0.17,2.0,False,False,131.0,0.89457,0.97227,0.5264,0.62595,0.54569,-0.08027
366,8.0,,0.27,1.4,False,False,131.0,0.89466,0.97227,0.52771,0.63359,0.54161,-0.09198
367,8.0,,0.27,1.7,False,False,131.0,0.8947,0.97227,0.53072,0.63359,0.53488,-0.0987
368,4.0,3,0.17,1.4,False,False,131.0,0.89474,0.97227,0.53245,0.59542,0.52005,-0.07537
369,4.0,3,0.27,1.0,False,False,131.0,0.89476,0.97227,0.52547,0.59542,0.53757,-0.05785
370,8.0,5,0.17,1.2,False,False,131.0,0.89481,0.97227,0.53233,0.62595,0.5177,-0.10825
371,1.0,4,0.27,1.0,False,False,131.0,0.89487,0.97227,0.51526,0.62595,0.65533,0.02937
372,8.0,5,0.22,1.0,False,False,131.0,0.89492,0.97227,0.52801,0.62595,0.52485,-0.1011
373,8.0,,0.12,1.0,False,False,131.0,0.89496,0.97227,0.53147,0.63359,0.53214,-0.10145
374,8.0,5,0.27,1.7,False,False,131.0,0.89505,0.97227,0.53254,0.62595,0.51762,-0.10833
375,0.5,2,0.27,0.8,False,False,131.0,0.89509,0.97227,0.51797,0.64122,0.60138,-0.03984
376,4.0,3,0.22,1.7,False,False,131.0,0.89511,0.97227,0.53277,0.59542,0.51987,-0.07555
377,4.0,3,0.27,2.0,False,False,131.0,0.89542,0.97227,0.53302,0.60305,0.51976,-0.0833
378,0.5,1,0.22,0.8,False,False,131.0,0.89554,0.97227,0.52503,0.65649,0.50882,-0.14766
379,4.0,4,0.22,2.0,False,False,131.0,0.89561,0.97227,0.53134,0.62595,0.53032,-0.09564
380,1.0,2,0.12,1.4,False,False,131.0,0.89578,0.97227,0.52997,0.64122,0.52667,-0.11455
381,4.0,5,0.12,1.4,False,False,131.0,0.89578,0.97227,0.52982,0.62595,0.53783,-0.08812
382,8.0,5,0.17,0.8,False,False,131.0,0.89602,0.97227,0.5283,0.62595,0.52567,-0.10028
383,0.5,5,0.17,0.8,False,False,131.0,0.89612,0.97227,0.51326,0.64122,0.69188,0.05066
384,2.0,5,0.12,1.7,False,False,131.0,0.89613,0.97227,0.52527,0.64885,0.55271,-0.09614
385,2.0,2,0.12,1.2,False,False,131.0,0.89634,0.97227,0.53279,0.63359,0.51692,-0.11666
386,8.0,4,0.17,1.0,False,False,131.0,0.89638,0.97227,0.53239,0.64122,0.50981,-0.13141
387,8.0,4,0.22,1.2,False,False,131.0,0.89649,0.97227,0.53234,0.61069,0.50969,-0.101
388,0.5,1,0.12,1.0,False,False,131.0,0.89655,0.97227,0.5336,0.64885,0.50445,-0.14441
389,8.0,4,0.12,0.8,False,False,131.0,0.8967,0.97227,0.53276,0.61832,0.50999,-0.10833
390,8.0,5,0.12,1.0,False,False,131.0,0.89672,0.97227,0.53381,0.62595,0.51694,-0.10901
391,8.0,4,0.27,1.4,False,False,131.0,0.89673,0.97227,0.53239,0.61069,0.50959,-0.1011
392,1.0,,0.12,2.0,False,False,131.0,0.89683,0.97227,0.51958,0.65649,0.57865,-0.07783
393,4.0,4,0.22,0.8,False,False,131.0,0.89686,0.97227,0.52301,0.63359,0.56964,-0.06395
394,4.0,2,0.17,1.0,False,False,131.0,0.89705,0.97227,0.5331,0.64885,0.50036,-0.1485
395,0.5,,0.12,0.8,False,False,131.0,0.89705,0.97227,0.50953,0.65649,0.69596,0.03947
396,4.0,2,0.22,1.2,False,False,131.0,0.89719,0.97227,0.53305,0.61832,0.5002,-0.11812
397,4.0,2,0.12,0.8,False,False,131.0,0.89728,0.97227,0.53342,0.62595,0.50057,-0.12538
398,2.0,4,0.22,0.8,False,False,131.0,0.8974,0.97227,0.51833,0.64122,0.62129,-0.01993
399,4.0,2,0.27,1.4,False,False,131.0,0.89744,0.97227,0.5331,0.61832,0.50007,-0.11825
400,4.0,4,0.17,1.7,False,False,131.0,0.89747,0.97227,0.53237,0.61832,0.52957,-0.08875
401,1.0,1,0.27,1.4,False,False,131.0,0.89749,0.97227,0.53305,0.64122,0.49563,-0.14559
402,1.0,1,0.22,1.2,False,False,131.0,0.89766,0.97227,0.53324,0.64122,0.49561,-0.14561
403,0.5,4,0.12,2.0,False,False,131.0,0.8978,0.97227,0.52117,0.62595,0.5609,-0.06506
404,1.0,2,0.27,0.8,False,False,131.0,0.89782,0.97227,0.52097,0.63359,0.57736,-0.05623
405,1.0,1,0.27,1.2,False,False,131.0,0.89791,0.97227,0.53108,0.64122,0.49488,-0.14634
406,0.5,2,0.17,2.0,False,False,131.0,0.89791,0.97227,0.52934,0.64122,0.53208,-0.10914
407,1.0,1,0.17,1.0,False,False,131.0,0.89807,0.97227,0.53361,0.66412,0.49558,-0.16855
408,1.0,1,0.22,1.0,False,False,131.0,0.89839,0.97227,0.53107,0.64122,0.49471,-0.14651
409,4.0,2,0.27,1.2,False,False,131.0,0.89839,0.97227,0.5316,0.61832,0.50003,-0.11829
410,4.0,2,0.22,1.0,False,False,131.0,0.89848,0.97227,0.53142,0.61832,0.50017,-0.11815
411,8.0,,0.17,1.4,False,False,131.0,0.89858,0.97227,0.53454,0.63359,0.52964,-0.10395
412,8.0,4,0.22,1.4,False,False,131.0,0.8986,0.97227,0.53541,0.61069,0.5084,-0.10229
413,8.0,4,0.27,1.2,False,False,131.0,0.89863,0.97227,0.53153,0.61069,0.51101,-0.09967
414,8.0,4,0.22,1.0,False,False,131.0,0.89895,0.97227,0.53148,0.61069,0.51141,-0.09928
415,8.0,,0.22,1.7,False,False,131.0,0.89902,0.97227,0.53489,0.63359,0.52982,-0.10377
416,4.0,2,0.17,0.8,False,False,131.0,0.89909,0.97227,0.53147,0.61832,0.50035,-0.11798
417,1.0,1,0.12,0.8,False,False,131.0,0.89911,0.97227,0.5344,0.64885,0.4955,-0.15336
418,4.0,3,0.12,1.2,False,False,131.0,0.89917,0.97227,0.53528,0.61069,0.51872,-0.09197
419,1.0,3,0.12,1.7,False,False,131.0,0.89927,0.97227,0.5282,0.61069,0.54267,-0.06802
420,8.0,,0.27,2.0,False,False,131.0,0.89941,0.97227,0.53516,0.63359,0.52997,-0.10362
421,4.0,3,0.22,0.8,False,False,131.0,0.89943,0.97227,0.52753,0.61069,0.53975,-0.07093
422,8.0,4,0.17,1.2,False,False,131.0,0.89944,0.97227,0.53625,0.63359,0.50829,-0.1253
423,1.0,1,0.17,0.8,False,False,131.0,0.89951,0.97227,0.53134,0.64122,0.49444,-0.14678
424,8.0,4,0.27,1.7,False,False,131.0,0.89966,0.97227,0.53643,0.61069,0.50801,-0.10268
425,4.0,,0.27,1.2,False,False,131.0,0.89976,0.97227,0.51827,0.63359,0.6053,-0.02829
426,4.0,2,0.22,1.4,False,False,131.0,0.89987,0.97227,0.53657,0.61832,0.50021,-0.11812
427,8.0,4,0.17,0.8,False,False,131.0,0.89995,0.97227,0.53175,0.61069,0.51197,-0.09871
428,1.0,5,0.12,2.0,False,False,131.0,0.90018,0.97227,0.52311,0.64122,0.56097,-0.08025
429,0.5,1,0.27,2.0,False,False,131.0,0.9002,0.97227,0.53693,0.65649,0.50452,-0.15197
430,0.5,1,0.22,1.7,False,False,131.0,0.90028,0.97227,0.53693,0.64885,0.50442,-0.14444
431,4.0,,0.22,1.0,False,False,131.0,0.90033,0.97227,0.5185,0.64122,0.60662,-0.0346
432,0.5,1,0.17,1.4,False,False,131.0,0.90045,0.97227,0.53694,0.64885,0.50428,-0.14458
433,4.0,4,0.12,1.4,False,False,131.0,0.90057,0.97227,0.53398,0.63359,0.52854,-0.10505
434,8.0,,0.27,1.2,False,False,131.0,0.90059,0.97227,0.52795,0.63359,0.54762,-0.08597
435,1.0,1,0.22,1.4,False,False,131.0,0.90061,0.97227,0.53706,0.64122,0.49625,-0.14497
436,8.0,5,0.17,1.4,False,False,131.0,0.90063,0.97227,0.53703,0.62595,0.51528,-0.11067
437,1.0,,0.22,1.2,False,False,131.0,0.90075,0.97227,0.51041,0.65649,0.67649,0.02
438,4.0,2,0.17,1.2,False,False,131.0,0.90076,0.97227,0.53745,0.64122,0.50034,-0.14088
439,8.0,5,0.22,1.7,False,False,131.0,0.90088,0.97227,0.53731,0.62595,0.51517,-0.11079
440,8.0,,0.22,1.0,False,False,131.0,0.90091,0.97227,0.52795,0.63359,0.54823,-0.08536
441,4.0,2,0.27,1.7,False,False,131.0,0.90105,0.97227,0.53768,0.61069,0.5001,-0.11059
442,8.0,5,0.27,2.0,False,False,131.0,0.90111,0.97227,0.53752,0.62595,0.51509,-0.11086
443,2.0,4,0.12,1.7,False,False,131.0,0.90128,0.97227,0.52976,0.62595,0.54253,-0.08342
444,8.0,4,0.12,1.0,False,False,131.0,0.90129,0.97227,0.53771,0.61069,0.50812,-0.10257
445,2.0,5,0.27,1.0,False,False,131.0,0.90131,0.97227,0.51805,0.64885,0.64036,-0.0085
446,1.0,1,0.27,1.7,False,False,131.0,0.9015,0.97227,0.53801,0.63359,0.49641,-0.13718
447,2.0,2,0.22,2.0,False,False,131.0,0.90172,0.97227,0.53662,0.62595,0.51554,-0.11042
448,1.0,1,0.17,1.2,False,False,131.0,0.90199,0.97227,0.53828,0.66412,0.49632,-0.1678
449,4.0,5,0.22,0.8,False,False,131.0,0.902,0.97227,0.52323,0.64122,0.59127,-0.04995
450,8.0,,0.17,0.8,False,False,131.0,0.90205,0.97227,0.52829,0.63359,0.54918,-0.08441
451,4.0,,0.17,0.8,False,False,131.0,0.9022,0.97227,0.51919,0.63359,0.60865,-0.02494
452,8.0,,0.12,1.2,False,False,131.0,0.9022,0.97227,0.53697,0.63359,0.52705,-0.10654
453,4.0,,0.17,2.0,False,False,131.0,0.90228,0.97227,0.53225,0.63359,0.54835,-0.08523
454,4.0,2,0.12,1.0,False,False,131.0,0.90263,0.97227,0.53896,0.61832,0.50051,-0.11781
455,2.0,2,0.17,1.7,False,False,131.0,0.90358,0.97227,0.53767,0.61832,0.51513,-0.10319
456,2.0,3,0.17,2.0,False,False,131.0,0.90381,0.97227,0.53448,0.60305,0.53118,-0.07188
457,1.0,1,0.27,1.0,False,False,131.0,0.90386,0.97227,0.53226,0.64122,0.49382,-0.1474
458,4.0,3,0.22,2.0,False,False,131.0,0.90443,0.97227,0.539,0.60305,0.51697,-0.08608
459,8.0,5,0.27,1.0,False,False,131.0,0.90452,0.97227,0.53145,0.62595,0.5285,-0.09746
460,1.0,1,0.12,1.0,False,False,131.0,0.90453,0.97227,0.54024,0.64122,0.49641,-0.14481
461,8.0,5,0.12,1.2,False,False,131.0,0.90481,0.97227,0.53972,0.62595,0.51423,-0.11173
462,0.5,2,0.12,1.7,False,False,131.0,0.90489,0.97227,0.53294,0.64122,0.52963,-0.11159
463,4.0,5,0.17,2.0,False,False,131.0,0.9049,0.97227,0.53522,0.62595,0.53367,-0.09229
464,8.0,4,0.17,1.4,False,False,131.0,0.90509,0.97227,0.54089,0.61069,0.50716,-0.10353
465,4.0,2,0.27,1.0,False,False,131.0,0.90533,0.97227,0.53354,0.61832,0.49992,-0.1184
466,8.0,4,0.22,1.7,False,False,131.0,0.90534,0.97227,0.54116,0.61069,0.50699,-0.1037
467,1.0,2,0.17,2.0,False,False,131.0,0.90541,0.97227,0.5358,0.63359,0.52381,-0.10978
468,8.0,3,0.17,1.0,False,False,131.0,0.90551,0.97227,0.5399,0.63359,0.49474,-0.13885
469,8.0,4,0.27,2.0,False,False,131.0,0.90557,0.97227,0.54138,0.61832,0.50686,-0.11146
470,8.0,3,0.12,0.8,False,False,131.0,0.90559,0.97227,0.54011,0.61069,0.49511,-0.11558
471,0.5,1,0.12,1.2,False,False,131.0,0.90562,0.97227,0.54038,0.66412,0.50373,-0.16039
472,1.0,4,0.12,2.0,False,False,131.0,0.90567,0.97227,0.52792,0.62595,0.55036,-0.0756
473,8.0,3,0.22,1.2,False,False,131.0,0.90576,0.97227,0.53993,0.60305,0.49446,-0.10859
474,8.0,3,0.27,1.4,False,False,131.0,0.90609,0.97227,0.54005,0.60305,0.49424,-0.10881
475,4.0,3,0.17,1.7,False,False,131.0,0.9061,0.97227,0.53991,0.59542,0.51661,-0.07881
476,1.0,,0.27,1.4,False,False,131.0,0.90625,0.97227,0.51122,0.65649,0.67793,0.02144
477,0.5,4,0.27,1.0,False,False,131.0,0.90653,0.97227,0.51825,0.62595,0.68172,0.05576
478,2.0,2,0.12,1.4,False,False,131.0,0.90662,0.97227,0.53926,0.63359,0.51457,-0.11902
479,4.0,2,0.17,1.4,False,False,131.0,0.90668,0.97227,0.54235,0.61832,0.50031,-0.11801
480,8.0,,0.22,2.0,False,False,131.0,0.9069,0.97227,0.54039,0.63359,0.52554,-0.10804
481,0.5,,0.17,1.0,False,False,131.0,0.90693,0.97227,0.51096,0.66412,0.6993,0.03518
482,4.0,2,0.22,1.7,False,False,131.0,0.90697,0.97227,0.54265,0.61832,0.50019,-0.11813
483,2.0,2,0.27,0.8,False,False,131.0,0.90717,0.97227,0.52893,0.62595,0.54328,-0.08267
484,4.0,2,0.27,2.0,False,False,131.0,0.90722,0.97227,0.54287,0.62595,0.5001,-0.12585
485,8.0,3,0.22,1.4,False,False,131.0,0.90736,0.97227,0.54277,0.60305,0.49527,-0.10778
486,8.0,4,0.27,1.0,False,False,131.0,0.9074,0.97227,0.53448,0.61069,0.51288,-0.0978
487,1.0,1,0.22,0.8,False,False,131.0,0.90768,0.97227,0.53385,0.64885,0.49334,-0.15551
488,0.5,3,0.12,2.0,False,False,131.0,0.90768,0.97227,0.52984,0.61832,0.54532,-0.073
489,1.0,1,0.27,2.0,False,False,131.0,0.90784,0.97227,0.5434,0.64885,0.49695,-0.1519
490,1.0,1,0.22,1.7,False,False,131.0,0.90787,0.97227,0.54336,0.64122,0.49692,-0.1443
491,1.0,1,0.17,1.4,False,False,131.0,0.90797,0.97227,0.54332,0.64885,0.49686,-0.152
492,8.0,3,0.17,1.2,False,False,131.0,0.90797,0.97227,0.54346,0.62595,0.49564,-0.13032
493,4.0,,0.12,1.7,False,False,131.0,0.90798,0.97227,0.53502,0.63359,0.54456,-0.08903
494,2.0,,0.12,2.0,False,False,131.0,0.90802,0.97227,0.5294,0.66412,0.5599,-0.10422
495,8.0,3,0.27,1.2,False,False,131.0,0.90826,0.97227,0.53928,0.60305,0.49325,-0.1098
496,8.0,,0.17,1.7,False,False,131.0,0.90835,0.97227,0.54118,0.63359,0.52463,-0.10896
497,8.0,3,0.27,1.7,False,False,131.0,0.90835,0.97227,0.54376,0.59542,0.49528,-0.10014
498,8.0,3,0.22,1.0,False,False,131.0,0.90849,0.97227,0.53918,0.60305,0.49331,-0.10974
499,1.0,4,0.22,0.8,False,False,131.0,0.90872,0.97227,0.5195,0.64122,0.66145,0.02022
500,4.0,3,0.12,1.4,False,False,131.0,0.9089,0.97227,0.54131,0.61069,0.51611,-0.09457
501,4.0,2,0.22,0.8,False,False,131.0,0.90903,0.97227,0.53519,0.63359,0.50004,-0.13354
502,8.0,4,0.12,1.2,False,False,131.0,0.90912,0.97227,0.54349,0.63359,0.50682,-0.12676
503,0.5,1,0.27,0.8,False,False,131.0,0.90922,0.97227,0.53171,0.64885,0.51108,-0.13778
504,8.0,3,0.17,0.8,False,False,131.0,0.9093,0.97227,0.53935,0.60305,0.49336,-0.10969
505,8.0,5,0.22,2.0,False,False,131.0,0.90945,0.97227,0.54314,0.62595,0.51296,-0.11299
506,8.0,3,0.12,1.0,False,False,131.0,0.90947,0.97227,0.54469,0.60305,0.49612,-0.10694
507,4.0,4,0.17,2.0,False,False,131.0,0.90956,0.97227,0.53935,0.61832,0.52525,-0.09307
508,0.5,1,0.22,2.0,False,False,131.0,0.90964,0.97227,0.54342,0.65649,0.50378,-0.15271
509,8.0,5,0.22,0.8,False,False,131.0,0.9097,0.97227,0.53366,0.63359,0.53012,-0.10347
510,2.0,3,0.12,1.7,False,False,131.0,0.91012,0.97227,0.5376,0.60305,0.52906,-0.074
511,2.0,1,0.27,1.4,False,False,131.0,0.91036,0.97227,0.54335,0.64885,0.48193,-0.16692
512,2.0,1,0.22,1.2,False,False,131.0,0.91037,0.97227,0.54345,0.64122,0.48211,-0.15911
513,2.0,1,0.17,1.0,False,False,131.0,0.91059,0.97227,0.5437,0.67176,0.4823,-0.18945
514,4.0,2,0.12,1.2,False,False,131.0,0.91073,0.97227,0.54498,0.63359,0.50044,-0.13314
515,8.0,,0.12,1.4,False,False,131.0,0.91092,0.97227,0.54245,0.63359,0.52333,-0.11026
516,8.0,5,0.17,1.7,False,False,131.0,0.91109,0.97227,0.54401,0.62595,0.51267,-0.11329
517,4.0,5,0.12,1.7,False,False,131.0,0.91111,0.97227,0.53825,0.62595,0.53135,-0.0946
518,2.0,1,0.12,0.8,False,False,131.0,0.91133,0.97227,0.5443,0.65649,0.48255,-0.17394
519,2.0,5,0.12,2.0,False,False,131.0,0.91155,0.97227,0.53302,0.64885,0.54506,-0.1038
520,0.5,1,0.17,1.7,False,False,131.0,0.91174,0.97227,0.54465,0.64122,0.50354,-0.13768
521,2.0,1,0.22,1.4,False,False,131.0,0.91192,0.97227,0.54643,0.64885,0.48464,-0.16421
522,1.0,2,0.12,1.7,False,False,131.0,0.91194,0.97227,0.53911,0.62595,0.52207,-0.10389
523,8.0,4,0.22,0.8,False,False,131.0,0.91206,0.97227,0.53656,0.62595,0.51378,-0.11218
524,2.0,1,0.27,1.2,False,False,131.0,0.91225,0.97227,0.54222,0.64885,0.47896,-0.1699
525,1.0,1,0.12,1.2,False,False,131.0,0.91255,0.97227,0.54636,0.65649,0.49702,-0.15947
526,2.0,1,0.27,1.7,False,False,131.0,0.91259,0.97227,0.54726,0.64122,0.4851,-0.15612
527,2.0,1,0.22,1.0,False,False,131.0,0.91283,0.97227,0.54227,0.64122,0.47857,-0.16265
528,2.0,1,0.17,1.2,False,False,131.0,0.91288,0.97227,0.54738,0.66412,0.48523,-0.17889
529,8.0,3,0.17,1.4,False,False,131.0,0.91297,0.97227,0.54772,0.60305,0.49627,-0.10678
530,16.0,,0.17,1.0,False,False,131.0,0.91318,0.97227,0.54509,0.62595,0.49632,-0.12963
531,16.0,,0.12,0.8,False,False,131.0,0.91324,0.97227,0.54529,0.61832,0.49606,-0.12226
532,8.0,3,0.22,1.7,False,False,131.0,0.91326,0.97227,0.54805,0.60305,0.49612,-0.10693
533,16.0,,0.22,1.2,False,False,131.0,0.91348,0.97227,0.54514,0.61832,0.49647,-0.12185
534,8.0,3,0.27,2.0,False,False,131.0,0.91353,0.97227,0.54829,0.61069,0.496,-0.11469
535,16.0,,0.22,1.4,False,False,131.0,0.9136,0.97227,0.54728,0.61832,0.49703,-0.12129
536,8.0,4,0.22,2.0,False,False,131.0,0.91363,0.97227,0.54683,0.61832,0.50597,-0.11235
537,8.0,5,0.12,1.4,False,False,131.0,0.91385,0.97227,0.54536,0.62595,0.51225,-0.1137
538,16.0,,0.27,1.4,False,False,131.0,0.91387,0.97227,0.54527,0.61832,0.49655,-0.12177
539,16.0,,0.17,1.2,False,False,131.0,0.91399,0.97227,0.54785,0.61832,0.49699,-0.12133
540,2.0,5,0.22,0.8,False,False,131.0,0.91412,0.97227,0.52192,0.66412,0.64614,-0.01798
541,2.0,1,0.17,0.8,False,False,131.0,0.91413,0.97227,0.54263,0.64885,0.47794,-0.17092
542,16.0,,0.27,1.7,False,False,131.0,0.91426,0.97227,0.5481,0.61832,0.49723,-0.12109
543,2.0,1,0.12,1.0,False,False,131.0,0.91483,0.97227,0.54894,0.64885,0.48602,-0.16284
544,1.0,3,0.12,2.0,False,False,131.0,0.9149,0.97227,0.53616,0.61069,0.53643,-0.07426
545,0.5,1,0.12,1.4,False,False,131.0,0.91513,0.97227,0.54649,0.66412,0.50321,-0.16091
546,8.0,4,0.17,1.7,False,False,131.0,0.9152,0.97227,0.54767,0.61069,0.50594,-0.10475
547,16.0,,0.12,1.0,False,False,131.0,0.91526,0.97227,0.54895,0.61832,0.49689,-0.12143
548,4.0,2,0.22,2.0,False,False,131.0,0.91536,0.97227,0.54843,0.62595,0.50018,-0.12578
549,0.5,,0.22,1.2,False,False,131.0,0.91545,0.97227,0.51203,0.65649,0.70131,0.04482
550,16.0,5,0.17,1.0,False,False,131.0,0.91551,0.97227,0.54758,0.64122,0.48376,-0.15746
551,2.0,2,0.17,2.0,False,False,131.0,0.91551,0.97227,0.54466,0.61832,0.5129,-0.10542
552,4.0,4,0.12,1.7,False,False,131.0,0.91563,0.97227,0.5423,0.61832,0.52363,-0.09469
553,16.0,5,0.22,1.2,False,False,131.0,0.91563,0.97227,0.54757,0.62595,0.48351,-0.14244
554,16.0,5,0.12,0.8,False,False,131.0,0.91576,0.97227,0.54787,0.63359,0.48407,-0.14951
555,16.0,5,0.27,1.4,False,False,131.0,0.91588,0.97227,0.54765,0.62595,0.48329,-0.14266
556,16.0,5,0.22,1.4,False,False,131.0,0.91615,0.97227,0.54983,0.62595,0.48585,-0.1401
557,1.0,1,0.22,2.0,False,False,131.0,0.9163,0.97227,0.54923,0.64885,0.49739,-0.15147
558,2.0,4,0.12,2.0,False,False,131.0,0.91653,0.97227,0.53748,0.62595,0.53632,-0.08963
559,8.0,3,0.12,1.2,False,False,131.0,0.91653,0.97227,0.55,0.61832,0.49678,-0.12154
560,16.0,5,0.17,1.2,False,False,131.0,0.91667,0.97227,0.55045,0.63359,0.48645,-0.14714
561,8.0,3,0.27,1.0,False,False,131.0,0.91679,0.97227,0.54218,0.60305,0.49184,-0.11122
562,16.0,5,0.27,1.7,False,False,131.0,0.9168,0.97227,0.55064,0.62595,0.48622,-0.13973
563,2.0,3,0.27,0.8,False,False,131.0,0.9169,0.97227,0.52962,0.60305,0.59852,-0.00454
564,4.0,2,0.17,1.7,False,False,131.0,0.91692,0.97227,0.54926,0.61832,0.50027,-0.11805
565,8.0,,0.27,1.0,False,False,131.0,0.91709,0.97227,0.53233,0.63359,0.55542,-0.07817
566,8.0,2,0.17,1.0,False,False,131.0,0.9174,0.97227,0.54942,0.64885,0.47571,-0.17315
567,8.0,2,0.12,0.8,False,False,131.0,0.91751,0.97227,0.54962,0.62595,0.47623,-0.14972
568,2.0,1,0.22,1.7,False,False,131.0,0.91755,0.97227,0.55167,0.64885,0.48734,-0.16151
569,4.0,3,0.17,2.0,False,False,131.0,0.91755,0.97227,0.54651,0.59542,0.51417,-0.08125
570,2.0,1,0.27,2.0,False,False,131.0,0.91757,0.97227,0.55175,0.65649,0.48732,-0.16917
571,2.0,1,0.17,1.4,False,False,131.0,0.91759,0.97227,0.55158,0.64885,0.48733,-0.16152
572,8.0,2,0.22,1.2,False,False,131.0,0.91762,0.97227,0.54945,0.61832,0.47531,-0.14301
573,8.0,4,0.12,1.4,False,False,131.0,0.91785,0.97227,0.54894,0.62595,0.50588,-0.12007
574,16.0,,0.17,1.4,False,False,131.0,0.91791,0.97227,0.55152,0.61832,0.49745,-0.12088
575,8.0,2,0.27,1.4,False,False,131.0,0.91793,0.97227,0.54955,0.61832,0.47498,-0.14334
576,16.0,,0.27,1.2,False,False,131.0,0.918,0.97227,0.54527,0.61832,0.49588,-0.12245
577,16.0,5,0.12,1.0,False,False,131.0,0.91804,0.97227,0.55159,0.62595,0.48724,-0.13871
578,16.0,,0.22,1.7,False,False,131.0,0.91808,0.97227,0.55177,0.61832,0.49759,-0.12073
579,1.0,1,0.17,1.7,False,False,131.0,0.91818,0.97227,0.5503,0.63359,0.49741,-0.13617
580,8.0,2,0.22,1.4,False,False,131.0,0.91823,0.97227,0.55178,0.61832,0.47881,-0.13951
581,2.0,,0.27,1.2,False,False,131.0,0.91825,0.97227,0.51657,0.66412,0.65736,-0.00676
582,16.0,,0.27,2.0,False,False,131.0,0.91827,0.97227,0.55197,0.61832,0.49768,-0.12064
583,16.0,,0.22,1.0,False,False,131.0,0.9185,0.97227,0.5453,0.61832,0.49565,-0.12267
584,8.0,2,0.17,1.2,False,False,131.0,0.91868,0.97227,0.55236,0.64122,0.47972,-0.1615
585,8.0,,0.17,2.0,False,False,131.0,0.91892,0.97227,0.54727,0.63359,0.52104,-0.11255
586,8.0,2,0.27,1.7,False,False,131.0,0.91894,0.97227,0.55262,0.61069,0.47936,-0.13133
587,16.0,5,0.27,1.2,False,False,131.0,0.91917,0.97227,0.54744,0.62595,0.48053,-0.14543
588,2.0,,0.22,1.0,True,False,131.0,0.91925,0.97227,0.51709,0.66412,0.65913,-0.005
589,4.0,2,0.12,1.4,False,False,131.0,0.91953,0.97227,0.55051,0.63359,0.50039,-0.1332
590,16.0,5,0.22,1.0,False,False,131.0,0.91971,0.97227,0.54747,0.62595,0.48024,-0.14571
591,16.0,,0.17,0.8,False,False,131.0,0.91974,0.97227,0.54566,0.61832,0.49527,-0.12305
592,16.0,4,0.17,1.0,False,False,131.0,0.91977,0.97227,0.55118,0.64122,0.47665,-0.16457
593,1.0,5,0.27,1.0,False,False,131.0,0.9199,0.97227,0.52054,0.64122,0.68135,0.04013
594,16.0,4,0.22,1.2,False,False,131.0,0.91992,0.97227,0.55118,0.61069,0.47628,-0.13441
595,8.0,2,0.12,1.0,False,False,131.0,0.91992,0.97227,0.55342,0.61832,0.48095,-0.13737
596,2.0,1,0.27,1.0,False,False,131.0,0.91995,0.97227,0.5444,0.64885,0.47482,-0.17403
597,16.0,4,0.12,0.8,False,False,131.0,0.91998,0.97227,0.55144,0.61832,0.47714,-0.14118
598,16.0,4,0.22,1.4,False,False,131.0,0.92008,0.97227,0.55322,0.61069,0.47964,-0.13105
599,16.0,4,0.27,1.4,False,False,131.0,0.92019,0.97227,0.55127,0.61069,0.47596,-0.13472
600,4.0,3,0.27,0.8,False,False,131.0,0.9203,0.97227,0.53717,0.59542,0.54656,-0.04886
601,0.5,2,0.12,2.0,False,False,131.0,0.92032,0.97227,0.54093,0.64122,0.52527,-0.11595
602,16.0,4,0.17,1.2,False,False,131.0,0.92051,0.97227,0.55378,0.63359,0.48051,-0.15308
603,16.0,5,0.17,1.4,False,False,131.0,0.92065,0.97227,0.55412,0.62595,0.48838,-0.13758
604,16.0,4,0.27,1.7,False,False,131.0,0.92065,0.97227,0.55397,0.61069,0.48017,-0.13052
605,16.0,5,0.22,1.7,False,False,131.0,0.92078,0.97227,0.55435,0.62595,0.48834,-0.13761
606,8.0,3,0.22,2.0,False,False,131.0,0.92079,0.97227,0.55321,0.61069,0.49671,-0.11398
607,8.0,2,0.27,1.2,False,False,131.0,0.92093,0.97227,0.54916,0.61832,0.47087,-0.14745
608,16.0,5,0.27,2.0,False,False,131.0,0.92094,0.97227,0.55453,0.63359,0.48828,-0.14531
609,16.0,5,0.17,0.8,False,False,131.0,0.92097,0.97227,0.54786,0.62595,0.47974,-0.14622
610,8.0,3,0.22,0.8,False,False,131.0,0.92101,0.97227,0.54416,0.61832,0.49155,-0.12677
611,16.0,,0.12,1.2,False,False,131.0,0.92117,0.97227,0.55361,0.61832,0.49743,-0.12089
612,1.0,1,0.12,1.4,False,False,131.0,0.92124,0.97227,0.55189,0.65649,0.49744,-0.15904
613,8.0,2,0.22,1.0,False,False,131.0,0.92134,0.97227,0.54913,0.61832,0.47044,-0.14788
614,2.0,1,0.12,1.2,False,False,131.0,0.92142,0.97227,0.55408,0.66412,0.48834,-0.17579
615,2.0,2,0.12,1.7,False,False,131.0,0.92143,0.97227,0.54753,0.61832,0.51204,-0.10628
616,16.0,4,0.12,1.0,False,False,131.0,0.92173,0.97227,0.55482,0.61069,0.48168,-0.12901
617,8.0,5,0.17,2.0,False,False,131.0,0.92187,0.97227,0.5502,0.62595,0.51081,-0.11514
618,4.0,,0.12,2.0,False,False,131.0,0.92198,0.97227,0.542,0.63359,0.53808,-0.09551
619,1.0,1,0.27,0.8,False,False,131.0,0.92204,0.97227,0.54108,0.64122,0.49288,-0.14834
620,8.0,3,0.17,1.7,False,False,131.0,0.92218,0.97227,0.5539,0.60305,0.49694,-0.10612
621,2.0,,0.17,0.8,False,False,131.0,0.92222,0.97227,0.51823,0.66412,0.6618,-0.00233
622,8.0,2,0.17,0.8,False,False,131.0,0.92237,0.97227,0.54941,0.61832,0.46973,-0.14859
623,8.0,2,0.17,1.4,False,False,131.0,0.92263,0.97227,0.556,0.61832,0.4826,-0.13572
624,0.5,,0.27,1.4,False,False,131.0,0.92273,0.97227,0.51288,0.65649,0.70274,0.04625
625,8.0,2,0.22,1.7,False,False,131.0,0.92283,0.97227,0.55628,0.61832,0.48253,-0.13579
626,0.5,1,0.17,2.0,False,False,131.0,0.9229,0.97227,0.55119,0.64885,0.50302,-0.14583
627,8.0,2,0.27,2.0,False,False,131.0,0.92303,0.97227,0.55648,0.62595,0.48244,-0.14352
628,4.0,3,0.12,1.7,False,False,131.0,0.92319,0.97227,0.54914,0.59542,0.51332,-0.0821
629,4.0,4,0.27,0.8,False,False,131.0,0.92343,0.97227,0.5337,0.61069,0.58026,-0.03042
630,0.5,4,0.22,0.8,False,False,131.0,0.92369,0.97227,0.52305,0.64122,0.68819,0.04697
631,16.0,4,0.27,1.2,False,False,131.0,0.92378,0.97227,0.55124,0.61069,0.47201,-0.13868
632,16.0,5,0.12,1.2,False,False,131.0,0.92392,0.97227,0.55619,0.63359,0.48936,-0.14423
633,16.0,4,0.17,1.4,False,False,131.0,0.92411,0.97227,0.55718,0.61069,0.48328,-0.12741
634,8.0,,0.22,0.8,False,False,131.0,0.92414,0.97227,0.53478,0.64122,0.55794,-0.08328
635,2.0,1,0.22,0.8,False,False,131.0,0.92423,0.97227,0.54632,0.65649,0.47332,-0.18317
636,16.0,4,0.22,1.7,False,False,131.0,0.92424,0.97227,0.55742,0.61069,0.48321,-0.12748
637,8.0,,0.12,1.7,False,False,131.0,0.92434,0.97227,0.54978,0.63359,0.51932,-0.11427
638,16.0,4,0.22,1.0,False,False,131.0,0.92435,0.97227,0.55131,0.61069,0.4716,-0.13908
639,16.0,4,0.27,2.0,False,False,131.0,0.9244,0.97227,0.5576,0.61832,0.48313,-0.13519
640,8.0,3,0.12,1.4,False,False,131.0,0.92457,0.97227,0.55497,0.61832,0.49724,-0.12108
641,4.0,1,0.22,1.4,False,False,131.0,0.92466,0.97227,0.55716,0.64885,0.47151,-0.17734
642,16.0,,0.22,2.0,False,False,131.0,0.92469,0.97227,0.55637,0.61832,0.49797,-0.12035
643,2.0,1,0.22,2.0,False,False,131.0,0.92474,0.97227,0.55668,0.65649,0.48923,-0.16726
644,2.0,3,0.12,2.0,False,False,131.0,0.92475,0.97227,0.54496,0.60305,0.52478,-0.07828
645,4.0,1,0.22,1.2,False,False,131.0,0.92486,0.97227,0.55531,0.64122,0.46681,-0.17441
646,4.0,1,0.17,1.0,False,False,131.0,0.9249,0.97227,0.55543,0.67176,0.4672,-0.20456
647,4.0,1,0.27,1.4,False,False,131.0,0.92498,0.97227,0.55531,0.64885,0.46647,-0.18238
648,4.0,1,0.27,1.7,False,False,131.0,0.92502,0.97227,0.55778,0.64122,0.47234,-0.16888
649,4.0,1,0.17,1.2,False,False,131.0,0.92517,0.97227,0.55778,0.66412,0.47262,-0.1915
650,4.0,1,0.12,0.8,False,False,131.0,0.92539,0.97227,0.55586,0.65649,0.4677,-0.18879
651,4.0,5,0.12,2.0,False,False,131.0,0.92542,0.97227,0.5454,0.62595,0.52675,-0.09921
652,1.0,3,0.27,0.8,False,False,131.0,0.92552,0.97227,0.52922,0.61069,0.63916,0.02847
653,4.0,2,0.27,0.8,False,False,131.0,0.92556,0.97227,0.54367,0.62595,0.50093,-0.12502
654,8.0,4,0.17,2.0,False,False,131.0,0.92562,0.97227,0.5536,0.61069,0.50507,-0.10562
655,16.0,4,0.17,0.8,False,False,131.0,0.92565,0.97227,0.55173,0.61069,0.4709,-0.13978
656,8.0,2,0.12,1.2,False,False,131.0,0.92575,0.97227,0.55796,0.63359,0.4841,-0.14948
657,16.0,,0.17,1.7,False,False,131.0,0.92606,0.97227,0.55705,0.61832,0.49792,-0.1204
658,2.0,1,0.17,1.7,False,False,131.0,0.92635,0.97227,0.55753,0.64122,0.48956,-0.15166
659,4.0,1,0.12,1.0,False,False,131.0,0.9265,0.97227,0.55889,0.64885,0.47411,-0.17474
660,1.0,2,0.12,2.0,False,False,131.0,0.92662,0.97227,0.54659,0.62595,0.51881,-0.10715
661,16.0,3,0.22,1.4,False,False,131.0,0.92684,0.97227,0.55903,0.61069,0.47141,-0.13927
662,16.0,3,0.17,1.2,False,False,131.0,0.92705,0.97227,0.55944,0.63359,0.47258,-0.16101
663,16.0,4,0.12,1.2,False,False,131.0,0.92717,0.97227,0.5591,0.63359,0.48471,-0.14888
664,16.0,3,0.17,1.0,False,False,131.0,0.92725,0.97227,0.55748,0.64122,0.46715,-0.17407
665,16.0,3,0.27,1.7,False,False,131.0,0.92727,0.97227,0.55969,0.60305,0.4722,-0.13085
666,16.0,3,0.12,0.8,False,False,131.0,0.92732,0.97227,0.55764,0.61832,0.46775,-0.15057
667,4.0,2,0.17,2.0,False,False,131.0,0.92732,0.97227,0.5552,0.61832,0.50024,-0.11808
668,16.0,5,0.22,2.0,False,False,131.0,0.92734,0.97227,0.55888,0.63359,0.49008,-0.1435
669,8.0,5,0.12,1.7,False,False,131.0,0.92737,0.97227,0.55271,0.62595,0.51013,-0.11582
670,16.0,3,0.22,1.2,False,False,131.0,0.9275,0.97227,0.55754,0.61069,0.4667,-0.14399
671,16.0,3,0.27,1.4,False,False,131.0,0.92784,0.97227,0.55768,0.61069,0.46631,-0.14438
672,16.0,3,0.12,1.0,False,False,131.0,0.92796,0.97227,0.56025,0.61069,0.47414,-0.13654
673,4.0,1,0.22,1.7,False,False,131.0,0.92831,0.97227,0.56103,0.64885,0.47651,-0.17234
674,4.0,1,0.17,1.4,False,False,131.0,0.92834,0.97227,0.56091,0.64885,0.47651,-0.17234
675,4.0,1,0.27,2.0,False,False,131.0,0.92836,0.97227,0.56113,0.65649,0.47647,-0.18002
676,16.0,,0.12,1.4,False,False,131.0,0.92844,0.97227,0.5581,0.61832,0.49781,-0.12051
677,1.0,1,0.17,2.0,False,False,131.0,0.92852,0.97227,0.55624,0.64122,0.4978,-0.14342
678,16.0,5,0.17,1.7,False,False,131.0,0.92871,0.97227,0.55954,0.62595,0.49042,-0.13553
679,4.0,1,0.27,1.2,False,False,131.0,0.92881,0.97227,0.55537,0.64885,0.46096,-0.1879
680,0.5,1,0.12,1.7,False,False,131.0,0.92892,0.97227,0.55414,0.64885,0.50266,-0.1462
681,2.0,1,0.12,1.4,False,False,131.0,0.92902,0.97227,0.55882,0.66412,0.49,-0.17413
682,16.0,5,0.27,1.0,False,False,131.0,0.92904,0.97227,0.55101,0.62595,0.47668,-0.14927
683,8.0,2,0.22,2.0,False,False,131.0,0.92928,0.97227,0.56072,0.62595,0.48514,-0.14082
684,4.0,1,0.22,1.0,False,False,131.0,0.92959,0.97227,0.55555,0.64122,0.46026,-0.18096
685,4.0,4,0.12,2.0,False,False,131.0,0.92961,0.97227,0.54924,0.61832,0.52015,-0.09817
686,16.0,,0.27,1.0,False,False,131.0,0.92963,0.97227,0.54915,0.61832,0.49486,-0.12347
687,16.0,3,0.17,1.4,False,False,131.0,0.9299,0.97227,0.56231,0.61069,0.47647,-0.13421
688,16.0,3,0.22,1.7,False,False,131.0,0.93004,0.97227,0.56255,0.61069,0.47643,-0.13426
689,8.0,2,0.27,1.0,False,False,131.0,0.9301,0.97227,0.55238,0.61832,0.46515,-0.15317
690,16.0,3,0.27,2.0,False,False,131.0,0.93021,0.97227,0.56274,0.61832,0.47635,-0.14197
691,16.0,4,0.22,2.0,False,False,131.0,0.93042,0.97227,0.56166,0.61832,0.48572,-0.1326
692,8.0,2,0.17,1.7,False,False,131.0,0.93056,0.97227,0.56132,0.61832,0.48566,-0.13266
693,8.0,4,0.12,1.7,False,False,131.0,0.93093,0.97227,0.55598,0.61069,0.50487,-0.10582
694,16.0,5,0.12,1.4,False,False,131.0,0.93105,0.97227,0.56056,0.62595,0.49088,-0.13508
695,4.0,,0.27,1.0,False,False,131.0,0.93116,0.97227,0.52545,0.63359,0.62073,-0.01286
696,4.0,1,0.17,0.8,False,False,131.0,0.9312,0.97227,0.55612,0.64885,0.45911,-0.18974
697,4.0,1,0.12,1.2,False,False,131.0,0.93138,0.97227,0.56281,0.66412,0.4784,-0.18572
698,8.0,4,0.27,0.8,False,False,131.0,0.93149,0.97227,0.54614,0.60305,0.5168,-0.08625
699,8.0,5,0.27,0.8,False,False,131.0,0.9316,0.97227,0.5437,0.61069,0.53537,-0.07532
700,16.0,4,0.17,1.7,False,False,131.0,0.93171,0.97227,0.56226,0.61069,0.48622,-0.12447
701,8.0,3,0.17,2.0,False,False,131.0,0.93185,0.97227,0.55928,0.60305,0.4974,-0.10565
702,16.0,3,0.27,1.2,False,False,131.0,0.93228,0.97227,0.55819,0.61069,0.46077,-0.14992
703,16.0,3,0.12,1.2,False,False,131.0,0.93256,0.97227,0.56391,0.62595,0.47843,-0.14752
704,4.0,2,0.12,1.7,False,False,131.0,0.93256,0.97227,0.55753,0.61832,0.50033,-0.11799
705,8.0,2,0.12,1.4,False,False,131.0,0.93278,0.97227,0.56224,0.63359,0.48637,-0.14722
706,16.0,3,0.22,1.0,False,False,131.0,0.93292,0.97227,0.5583,0.61069,0.46013,-0.15056
707,16.0,4,0.27,1.0,False,False,131.0,0.93386,0.97227,0.555,0.61069,0.46652,-0.14417
708,16.0,5,0.22,0.8,False,False,131.0,0.93388,0.97227,0.55332,0.63359,0.47539,-0.1582
709,16.0,4,0.12,1.4,False,False,131.0,0.93394,0.97227,0.56319,0.62595,0.48689,-0.13907
710,4.0,1,0.22,2.0,False,False,131.0,0.93406,0.97227,0.56496,0.65649,0.48002,-0.17647
711,1.0,1,0.12,1.7,False,False,131.0,0.9341,0.97227,0.55885,0.64122,0.4979,-0.14332
712,16.0,3,0.17,0.8,False,False,131.0,0.93432,0.97227,0.5588,0.61069,0.45906,-0.15162
713,8.0,2,0.22,0.8,False,False,131.0,0.93449,0.97227,0.5545,0.63359,0.46322,-0.17037
714,16.0,2,0.22,1.4,False,False,131.0,0.9348,0.97227,0.5658,0.61069,0.4612,-0.14949
715,16.0,2,0.17,1.2,False,False,131.0,0.93485,0.97227,0.56609,0.63359,0.4627,-0.17089
716,16.0,2,0.27,1.7,False,False,131.0,0.93495,0.97227,0.56628,0.60305,0.46234,-0.14071
717,16.0,,0.22,0.8,False,False,131.0,0.93499,0.97227,0.55151,0.61832,0.49433,-0.12399
718,2.0,2,0.12,2.0,False,False,131.0,0.93503,0.97227,0.55423,0.61832,0.51026,-0.10806
719,16.0,,0.17,2.0,False,False,131.0,0.93504,0.97227,0.56196,0.61832,0.49824,-0.12008
720,4.0,1,0.17,1.7,False,False,131.0,0.93539,0.97227,0.5656,0.64122,0.48064,-0.16058
721,16.0,3,0.22,2.0,False,False,131.0,0.93549,0.97227,0.56624,0.61832,0.47995,-0.13837
722,4.0,5,0.27,0.8,False,False,131.0,0.93552,0.97227,0.53506,0.61069,0.60393,-0.00676
723,16.0,2,0.12,1.0,False,False,131.0,0.93554,0.97227,0.56673,0.61069,0.4647,-0.14598
724,2.0,1,0.17,2.0,False,False,131.0,0.9356,0.97227,0.56265,0.64885,0.49112,-0.15773
725,16.0,2,0.17,1.0,False,False,131.0,0.93633,0.97227,0.56498,0.64122,0.45531,-0.18591
726,16.0,2,0.12,0.8,False,False,131.0,0.93644,0.97227,0.56516,0.61832,0.45597,-0.16235
727,4.0,3,0.12,2.0,False,False,131.0,0.93645,0.97227,0.55555,0.59542,0.51135,-0.08407
728,16.0,2,0.22,1.2,False,False,131.0,0.93654,0.97227,0.56503,0.61069,0.4548,-0.15589
729,16.0,3,0.17,1.7,False,False,131.0,0.93664,0.97227,0.56673,0.61069,0.48061,-0.13008
730,16.0,2,0.17,1.4,False,False,131.0,0.93673,0.97227,0.56828,0.61069,0.46799,-0.14269
731,8.0,3,0.12,1.7,False,False,131.0,0.93678,0.97227,0.56135,0.60305,0.49774,-0.10532
732,16.0,2,0.22,1.7,False,False,131.0,0.93678,0.97227,0.56846,0.61069,0.46801,-0.14268
733,16.0,2,0.27,1.4,False,False,131.0,0.93687,0.97227,0.56515,0.61069,0.45435,-0.15633
734,16.0,2,0.27,2.0,False,False,131.0,0.93689,0.97227,0.56861,0.61832,0.46796,-0.15036
735,8.0,1,0.27,1.7,False,False,131.0,0.9371,0.97227,0.56813,0.63359,0.46019,-0.1734
736,8.0,1,0.22,1.4,False,False,131.0,0.93711,0.97227,0.56776,0.64122,0.45895,-0.18227
737,8.0,,0.12,2.0,False,False,131.0,0.93712,0.97227,0.5559,0.63359,0.51647,-0.11712
738,8.0,1,0.17,1.2,False,False,131.0,0.93722,0.97227,0.56809,0.65649,0.46051,-0.19598
739,2.0,4,0.27,0.8,False,False,131.0,0.93728,0.97227,0.53139,0.62595,0.63711,0.01115
740,16.0,5,0.17,2.0,False,False,131.0,0.93751,0.97227,0.56431,0.62595,0.49186,-0.1341
741,4.0,1,0.12,1.4,False,False,131.0,0.9377,0.97227,0.56658,0.66412,0.48148,-0.18264
742,1.0,5,0.22,0.8,False,False,131.0,0.93775,0.97227,0.52511,0.65649,0.68782,0.03133
743,8.0,1,0.12,1.0,False,False,131.0,0.938,0.97227,0.56879,0.64122,0.46259,-0.17863
744,16.0,3,0.12,1.4,False,False,131.0,0.93869,0.97227,0.56751,0.62595,0.4815,-0.14446
745,8.0,1,0.22,1.7,False,False,131.0,0.93871,0.97227,0.57015,0.64122,0.46616,-0.17506
746,16.0,4,0.22,0.8,False,False,131.0,0.93872,0.97227,0.55739,0.61832,0.46468,-0.15364
747,8.0,1,0.27,2.0,False,False,131.0,0.93873,0.97227,0.57024,0.64885,0.46613,-0.18273
748,8.0,1,0.17,1.4,False,False,131.0,0.93878,0.97227,0.57006,0.64122,0.46612,-0.1751
749,4.0,1,0.27,1.0,False,False,131.0,0.93895,0.97227,0.55909,0.64885,0.45329,-0.19557
750,16.0,2,0.12,1.2,False,False,131.0,0.93903,0.97227,0.5696,0.62595,0.47056,-0.1554
751,8.0,1,0.17,1.0,False,False,131.0,0.93915,0.97227,0.56726,0.66412,0.45268,-0.21144
752,8.0,3,0.27,0.8,False,False,131.0,0.93919,0.97227,0.55378,0.60305,0.49117,-0.11188
753,8.0,1,0.22,1.2,False,False,131.0,0.93921,0.97227,0.56722,0.63359,0.45217,-0.18141
754,8.0,2,0.17,2.0,False,False,131.0,0.93923,0.97227,0.56595,0.61832,0.4878,-0.13052
755,8.0,1,0.27,1.4,False,False,131.0,0.93942,0.97227,0.56728,0.64122,0.45173,-0.18949
756,8.0,1,0.12,0.8,False,False,131.0,0.9395,0.97227,0.56757,0.64885,0.45332,-0.19553
757,0.5,3,0.27,0.8,False,False,131.0,0.93952,0.97227,0.53214,0.61832,0.6668,0.04848
758,16.0,,0.12,1.7,False,False,131.0,0.93987,0.97227,0.56396,0.61832,0.49821,-0.12011
759,8.0,5,0.12,2.0,False,False,131.0,0.94006,0.97227,0.55873,0.62595,0.50863,-0.11732
760,2.0,1,0.27,0.8,False,False,131.0,0.94007,0.97227,0.55474,0.64885,0.46934,-0.17952
761,16.0,4,0.17,2.0,False,False,131.0,0.94015,0.97227,0.56674,0.61069,0.48828,-0.12241
762,2.0,1,0.12,1.7,False,False,131.0,0.94067,0.97227,0.56483,0.64885,0.49176,-0.1571
763,0.5,5,0.27,1.0,False,False,131.0,0.94098,0.97227,0.52439,0.64122,0.70852,0.06729
764,8.0,1,0.12,1.2,False,False,131.0,0.94109,0.97227,0.57138,0.65649,0.4688,-0.18769
765,16.0,2,0.22,2.0,False,False,131.0,0.94132,0.97227,0.57147,0.61832,0.47279,-0.14553
766,0.5,1,0.12,2.0,False,False,131.0,0.94168,0.97227,0.56025,0.64885,0.50226,-0.14659
767,16.0,5,0.12,1.7,False,False,131.0,0.94225,0.97227,0.56621,0.62595,0.49248,-0.13347
768,16.0,2,0.17,1.7,False,False,131.0,0.94239,0.97227,0.57189,0.61069,0.47362,-0.13707
769,16.0,2,0.27,1.2,False,False,131.0,0.94247,0.97227,0.5664,0.61069,0.44685,-0.16384
770,8.0,1,0.22,2.0,False,False,131.0,0.94297,0.97227,0.57295,0.64885,0.47121,-0.17764
771,8.0,4,0.12,2.0,False,False,131.0,0.94324,0.97227,0.5617,0.61069,0.50415,-0.10654
772,4.0,,0.22,0.8,False,False,131.0,0.94334,0.97227,0.52874,0.64122,0.62566,-0.01556
773,16.0,3,0.27,1.0,False,False,131.0,0.94334,0.97227,0.56259,0.61069,0.45308,-0.15761
774,16.0,2,0.22,1.0,False,False,131.0,0.94335,0.97227,0.56666,0.61069,0.44588,-0.1648
775,4.0,1,0.17,2.0,False,False,131.0,0.94341,0.97227,0.56975,0.64885,0.48354,-0.16532
776,8.0,2,0.12,1.7,False,False,131.0,0.94381,0.97227,0.56774,0.61832,0.48877,-0.12956
777,4.0,1,0.22,0.8,False,False,131.0,0.944,0.97227,0.56155,0.65649,0.45053,-0.20596
778,8.0,1,0.17,1.7,False,False,131.0,0.94409,0.97227,0.57341,0.63359,0.47207,-0.16151
779,16.0,2,0.12,1.4,False,False,131.0,0.94432,0.97227,0.57256,0.62595,0.47475,-0.15121
780,16.0,3,0.17,2.0,False,False,131.0,0.94444,0.97227,0.57069,0.61069,0.48351,-0.12718
781,16.0,4,0.12,1.7,False,False,131.0,0.94472,0.97227,0.56851,0.61069,0.4892,-0.12149
782,4.0,2,0.12,2.0,False,False,131.0,0.94479,0.97227,0.56318,0.61832,0.50029,-0.11804
783,16.0,2,0.17,0.8,False,False,131.0,0.94512,0.97227,0.56738,0.61069,0.4443,-0.16639
784,8.0,1,0.27,1.2,False,False,131.0,0.9454,0.97227,0.56875,0.64122,0.44379,-0.19743
785,8.0,1,0.12,1.4,False,False,131.0,0.94609,0.97227,0.57413,0.65649,0.47324,-0.18325
786,1.0,1,0.12,2.0,False,False,131.0,0.94617,0.97227,0.5644,0.64885,0.49821,-0.15064
787,8.0,1,0.22,1.0,False,False,131.0,0.9465,0.97227,0.56913,0.63359,0.44273,-0.19085
788,16.0,1,0.27,1.7,False,False,131.0,0.94715,0.97227,0.57681,0.63359,0.45045,-0.18314
789,1.0,,0.27,1.2,False,False,131.0,0.94722,0.97227,0.5185,0.65649,0.69641,0.03992
790,16.0,1,0.27,2.0,False,False,131.0,0.94728,0.97227,0.5778,0.64885,0.45784,-0.19102
791,16.0,1,0.22,1.7,False,False,131.0,0.94731,0.97227,0.57774,0.64122,0.45784,-0.18338
792,16.0,1,0.17,1.2,False,False,131.0,0.94734,0.97227,0.57681,0.65649,0.45074,-0.20575
793,16.0,1,0.17,1.4,False,False,131.0,0.94747,0.97227,0.5777,0.64122,0.45774,-0.18349
794,16.0,1,0.22,1.4,False,False,131.0,0.94754,0.97227,0.57671,0.64122,0.44887,-0.19236
795,16.0,1,0.12,1.0,False,False,131.0,0.94771,0.97227,0.57718,0.64122,0.45326,-0.18797
796,4.0,1,0.12,1.7,False,False,131.0,0.94794,0.97227,0.57148,0.64885,0.48474,-0.16412
797,8.0,3,0.12,2.0,False,False,131.0,0.9484,0.97227,0.56651,0.60305,0.49808,-0.10498
798,16.0,3,0.22,0.8,False,False,131.0,0.94844,0.97227,0.56518,0.61832,0.45043,-0.16789
799,1.0,,0.22,1.0,False,False,131.0,0.94851,0.97227,0.51934,0.65649,0.69844,0.04195
800,8.0,1,0.17,0.8,False,False,131.0,0.9486,0.97227,0.57003,0.64122,0.44101,-0.20021
801,16.0,3,0.12,1.7,False,False,131.0,0.94873,0.97227,0.57223,0.61069,0.48475,-0.12593
802,16.0,1,0.12,1.2,False,False,131.0,0.94919,0.97227,0.57856,0.65649,0.461,-0.19548
803,16.0,2,0.17,2.0,False,False,131.0,0.9494,0.97227,0.57523,0.61069,0.47757,-0.13312
804,16.0,1,0.22,2.0,False,False,131.0,0.95029,0.97227,0.57954,0.64885,0.46413,-0.18472
805,8.0,1,0.17,2.0,False,False,131.0,0.95086,0.97227,0.57655,0.64122,0.47625,-0.16497
806,16.0,,0.12,2.0,False,False,131.0,0.95098,0.97227,0.56875,0.61832,0.49848,-0.11984
807,16.0,1,0.17,1.7,False,False,131.0,0.95125,0.97227,0.57986,0.63359,0.46516,-0.16842
808,16.0,1,0.17,1.0,False,False,131.0,0.95127,0.97227,0.5774,0.66412,0.44098,-0.22314
809,16.0,1,0.22,1.2,False,False,131.0,0.95136,0.97227,0.57738,0.63359,0.44043,-0.19316
810,16.0,1,0.12,0.8,False,False,131.0,0.95161,0.97227,0.57769,0.64885,0.44168,-0.20717
811,16.0,1,0.27,1.4,False,False,131.0,0.95161,0.97227,0.57747,0.64122,0.43993,-0.20129
812,2.0,1,0.12,2.0,False,False,131.0,0.95185,0.97227,0.56966,0.64885,0.49299,-0.15586
813,8.0,2,0.27,0.8,False,False,131.0,0.95228,0.97227,0.56441,0.62595,0.45826,-0.16769
814,1.0,,0.17,0.8,False,False,131.0,0.95239,0.97227,0.52092,0.65649,0.70146,0.04497
815,16.0,5,0.27,0.8,False,False,131.0,0.95295,0.97227,0.56364,0.60305,0.47277,-0.13028
816,16.0,1,0.12,1.4,False,False,131.0,0.95305,0.97227,0.58041,0.65649,0.46655,-0.18993
817,16.0,5,0.12,2.0,False,False,131.0,0.95313,0.97227,0.5708,0.62595,0.49361,-0.13235
818,16.0,2,0.12,1.7,False,False,131.0,0.95345,0.97227,0.57655,0.61069,0.47919,-0.1315
819,8.0,2,0.12,2.0,False,False,131.0,0.95455,0.97227,0.57219,0.61832,0.49045,-0.12787
820,8.0,1,0.12,1.7,False,False,131.0,0.95492,0.97227,0.57788,0.64122,0.47795,-0.16327
821,16.0,2,0.27,1.0,False,False,131.0,0.955,0.97227,0.57171,0.61069,0.43642,-0.17427
822,16.0,4,0.12,2.0,False,False,131.0,0.95529,0.97227,0.57283,0.61069,0.49081,-0.11987
823,16.0,1,0.17,2.0,False,False,131.0,0.95695,0.97227,0.58213,0.64122,0.47037,-0.17085
824,8.0,,0.27,0.8,False,False,131.0,0.95728,0.97227,0.5454,0.61832,0.56694,-0.05138
825,16.0,,0.27,0.8,False,False,131.0,0.95747,0.97227,0.56198,0.59542,0.49497,-0.10045
826,16.0,4,0.27,0.8,False,False,131.0,0.95763,0.97227,0.56789,0.60305,0.46036,-0.14269
827,4.0,1,0.12,2.0,False,False,131.0,0.9581,0.97227,0.57546,0.64885,0.48702,-0.16183
828,8.0,1,0.27,1.0,False,False,131.0,0.95844,0.97227,0.57434,0.64122,0.43275,-0.20847
829,16.0,3,0.12,2.0,False,False,131.0,0.95876,0.97227,0.57609,0.61069,0.48704,-0.12365
830,16.0,1,0.27,1.2,False,False,131.0,0.9596,0.97227,0.5803,0.64122,0.43006,-0.21116
831,16.0,1,0.12,1.7,False,False,131.0,0.96065,0.97227,0.58316,0.64122,0.47244,-0.16878
832,16.0,2,0.22,0.8,False,False,131.0,0.96071,0.97227,0.57468,0.62595,0.43264,-0.19332
833,16.0,1,0.22,1.0,False,False,131.0,0.96105,0.97227,0.58092,0.63359,0.42868,-0.20491
834,4.0,1,0.27,0.8,False,False,131.0,0.96222,0.97227,0.57176,0.64122,0.44263,-0.19859
835,16.0,2,0.12,2.0,False,False,131.0,0.96282,0.97227,0.57987,0.61069,0.48231,-0.12838
836,0.5,5,0.22,0.8,False,False,131.0,0.963,0.97227,0.52942,0.65649,0.71524,0.05875
837,16.0,1,0.17,0.8,False,False,131.0,0.96371,0.97227,0.58219,0.64122,0.42645,-0.21477
838,1.0,4,0.27,0.8,False,False,131.0,0.96401,0.97227,0.53483,0.62595,0.67965,0.0537
839,8.0,1,0.12,2.0,False,False,131.0,0.96407,0.97227,0.58102,0.64122,0.48125,-0.15997
840,8.0,1,0.22,0.8,False,False,131.0,0.96454,0.97227,0.57752,0.64885,0.4287,-0.22015
841,2.0,5,0.27,0.8,False,False,131.0,0.96679,0.97227,0.5361,0.64122,0.66294,0.02172
842,16.0,3,0.27,0.8,False,False,131.0,0.96814,0.97227,0.57639,0.60305,0.44369,-0.15936
843,16.0,1,0.12,2.0,False,False,131.0,0.96895,0.97227,0.58557,0.64122,0.47657,-0.16465
844,2.0,,0.27,1.0,False,False,131.0,0.97271,0.97227,0.52676,0.66412,0.67707,0.01294
845,16.0,1,0.27,1.0,False,False,131.0,0.97545,0.97227,0.58771,0.64122,0.41634,-0.22488
846,0.5,,0.27,1.2,False,False,131.0,0.97592,0.97227,0.52142,0.65649,0.72185,0.06536
847,0.5,,0.22,1.0,False,False,131.0,0.97734,0.97227,0.52251,0.65649,0.72402,0.06753
848,16.0,2,0.27,0.8,False,False,131.0,0.98164,0.97227,0.58682,0.60305,0.42316,-0.1799
849,0.5,,0.17,0.8,False,False,131.0,0.98181,0.97227,0.52445,0.65649,0.72723,0.07074
850,16.0,1,0.22,0.8,False,False,131.0,0.98269,0.97227,0.59163,0.64885,0.41124,-0.23762
851,8.0,1,0.27,0.8,False,False,131.0,0.98578,0.97227,0.58981,0.62595,0.41772,-0.20824
852,2.0,,0.22,0.8,False,False,131.0,0.99234,0.97227,0.53094,0.67176,0.6832,0.01144
853,0.5,4,0.27,0.8,False,False,131.0,0.99249,0.97227,0.53979,0.62595,0.70715,0.0812
854,4.0,,0.27,0.8,False,False,131.0,1.00212,0.97227,0.54139,0.61832,0.64108,0.02276
855,16.0,1,0.27,0.8,False,False,131.0,1.00699,0.97227,0.60588,0.61832,0.39888,-0.21944
856,1.0,5,0.27,0.8,False,False,131.0,1.01139,0.97227,0.54078,0.64122,0.70609,0.06486
857,1.0,,0.27,1.0,False,False,131.0,1.02616,0.97227,0.53041,0.65649,0.71753,0.06104
858,1.0,,0.22,0.8,False,False,131.0,1.0532,0.97227,0.53519,0.66412,0.72404,0.05992
859,0.5,5,0.27,0.8,False,False,131.0,1.05445,0.97227,0.54567,0.64122,0.73385,0.09262
860,0.5,,0.27,1.0,False,False,131.0,1.07515,0.97227,0.53429,0.65649,0.74319,0.0867
861,2.0,,0.27,0.8,False,False,131.0,1.08802,0.97227,0.54489,0.65649,0.70087,0.04438
862,0.5,,0.22,0.8,False,False,131.0,1.10808,0.97227,0.53947,0.66412,0.74977,0.08565
863,1.0,,0.27,0.8,False,False,131.0,1.18671,0.97227,0.54921,0.65649,0.74169,0.08521
864,0.5,,0.27,0.8,False,False,131.0,1.27247,0.97227,0.55351,0.65649,0.76709,0.1106
