projected_rank,team,current_points,expected_remaining_points,expected_points,expected_wins,expected_losses,expected_ties,average_finish,first_pct,top_four_pct,final_pct,champion_pct
1,Pacific Penguins FC,12,5.19,17.19,5.65,2.1,0.25,1.76,62.05,94.86,55.19,31.98
2,Runny Gyoks FC,10,4.26,14.26,4.34,2.41,1.26,3.52,18.41,71.85,36.49,18.07
3,Say My Neymar,9,4.32,13.32,4.35,3.39,0.25,4.51,5.03,52.64,23.62,10.4
4,Off in the shower,9,4.31,13.31,4.35,3.39,0.25,4.61,4.72,51.1,23.08,10.23
5,Gowanus Canal Shrimps,7,5.38,12.38,3.71,3.05,1.24,4.77,4.44,52.9,26.72,13.34
6,FA Rat United FC,6,5.08,11.08,3.58,4.08,0.34,5.93,3.93,28.52,13.13,5.95
7,The Other Secret Team,3,6.43,9.43,3.03,4.63,0.34,6.77,1.01,18.93,9.63,4.95
8,HEYTEA FC,6,4.53,10.53,3.43,4.32,0.25,6.87,0.12,14.91,5.95,2.39
9,Rat City FC,6,4.33,10.33,3.36,4.39,0.25,6.92,0.29,13.56,5.99,2.65
10,Fearless United,3,2.84,5.84,1.87,5.9,0.23,9.34,0.0,0.74,0.19,0.06
