game_id,week,played_at,game_type,away_team,away_score,home_team,home_score,completed,forfeit,location,status,note
13852824,1,2026-09-03T18:45:00,Regular Season,Fearless United,3,The Other Secret Team,0,True,True,Tanahey Playground (TAN),Played (regular time),-1 The Other Secret Team FORFEIT with notice
13852825,1,2026-09-03T19:35:00,Regular Season,HEYTEA FC,1,Gowanus Canal Shrimps,0,True,False,Tanahey Playground (TAN),Played (regular time),
13852826,1,2026-09-03T20:20:00,Regular Season,Pacific Penguins FC,6,Off in the shower,1,True,False,Tanahey Playground (TAN),Played (regular time),
13852827,1,2026-09-03T21:05:00,Regular Season,Runny Gyoks FC,1,Rat City FC,4,True,False,Tanahey Playground (TAN),Played (regular time),
13852828,2,2026-09-10T18:45:00,Regular Season,Pacific Penguins FC,8,HEYTEA FC,0,True,False,Tanahey Playground (TAN),Played (regular time),
13852829,2,2026-09-10T19:35:00,Regular Season,Say My Neymar,1,Runny Gyoks FC,4,True,False,Tanahey Playground (TAN),Played (regular time),
13852830,2,2026-09-10T20:20:00,Regular Season,FA Rat United FC,1,Rat City FC,3,True,False,Tanahey Playground (TAN),Played (regular time),
13852831,2,2026-09-10T21:05:00,Regular Season,Off in the shower,3,Fearless United,0,True,False,Tanahey Playground (TAN),Played (regular time),
13852832,3,2026-09-17T18:45:00,Regular Season,The Other Secret Team,2,Pacific Penguins FC,3,True,False,Tanahey Playground (TAN),Played (regular time),
13852833,3,2026-09-17T19:35:00,Regular Season,FA Rat United FC,3,HEYTEA FC,0,True,False,Tanahey Playground (TAN),Played (regular time),
13852834,3,2026-09-17T20:20:00,Regular Season,Say My Neymar,4,Fearless United,0,True,False,Tanahey Playground (TAN),Played (regular time),
13852835,3,2026-09-17T21:05:00,Regular Season,Gowanus Canal Shrimps,1,Off in the shower,2,True,False,Tanahey Playground (TAN),Played (regular time),
13852836,4,2026-09-24T18:45:00,Regular Season,Off in the shower,2,Runny Gyoks FC,4,True,False,Tanahey Playground (TAN),Played (regular time),
13852837,4,2026-09-24T19:35:00,Regular Season,Rat City FC,0,The Other Secret Team,9,True,False,Tanahey Playground (TAN),Played (regular time),
13852838,4,2026-09-24T20:20:00,Regular Season,Gowanus Canal Shrimps,2,Pacific Penguins FC,0,True,False,Tanahey Playground (TAN),Played (regular time),
13852839,4,2026-09-24T21:05:00,Regular Season,Say My Neymar,2,FA Rat United FC,1,True,False,Tanahey Playground (TAN),Played (regular time),
13852840,5,2026-10-01T18:50:00,Regular Season,Gowanus Canal Shrimps,3,Say My Neymar,1,True,False,Tanahey Playground (TAN),Played (regular time),
13852841,5,2026-10-01T19:35:00,Regular Season,Pacific Penguins FC,1,Fearless United,0,True,False,Tanahey Playground (TAN),Played (regular time),
13852842,5,2026-10-01T20:20:00,Regular Season,Off in the shower,2,Rat City FC,0,True,False,Tanahey Playground (TAN),Played (regular time),
13852843,5,2026-10-01T21:05:00,Regular Season,HEYTEA FC,0,Runny Gyoks FC,1,True,False,Tanahey Playground (TAN),Played (regular time),
13852844,6,2026-10-08T18:45:00,Regular Season,Say My Neymar,3,Rat City FC,2,True,False,Tanahey Playground (TAN),Played (regular time),
13852845,6,2026-10-08T19:35:00,Regular Season,FA Rat United FC,6,Fearless United,3,True,False,Tanahey Playground (TAN),Played (regular time),
13852846,6,2026-10-08T20:20:00,Regular Season,Runny Gyoks FC,1,Gowanus Canal Shrimps,1,True,False,Tanahey Playground (TAN),Played (regular time),
13852847,6,2026-10-08T21:05:00,Regular Season,The Other Secret Team,1,HEYTEA FC,2,True,False,Tanahey Playground (TAN),Played (regular time),
13852848,7,2026-10-15T18:45:00,Regular Season,FA Rat United FC,,Gowanus Canal Shrimps,,False,False,Tanahey Playground (TAN),,
13852849,7,2026-10-15T19:35:00,Regular Season,Say My Neymar,,Off in the shower,,False,False,Tanahey Playground (TAN),,
13852850,7,2026-10-15T20:20:00,Regular Season,The Other Secret Team,,Runny Gyoks FC,,False,False,Tanahey Playground (TAN),,
13852851,7,2026-10-15T21:05:00,Regular Season,Rat City FC,,Pacific Penguins FC,,False,False,Tanahey Playground (TAN),,
13852852,8,2026-10-22T18:45:00,Regular Season,HEYTEA FC,,Off in the shower,,False,False,Tanahey Playground (TAN),,
13852853,8,2026-10-22T19:35:00,Regular Season,Runny Gyoks FC,,Pacific Penguins FC,,False,False,Tanahey Playground (TAN),,
13852854,8,2026-10-22T20:20:00,Regular Season,The Other Secret Team,,FA Rat United FC,,False,False,Tanahey Playground (TAN),,
13852855,8,2026-10-22T21:05:00,Regular Season,Fearless United,,Gowanus Canal Shrimps,,False,False,Tanahey Playground (TAN),,
13852856,9,2026-10-29T18:45:00,Regular Season,Fearless United,,Rat City FC,,False,False,Tanahey Playground (TAN),,
13852857,9,2026-10-29T19:35:00,Regular Season,Off in the shower,,The Other Secret Team,,False,False,Tanahey Playground (TAN),,
13852858,9,2026-10-29T20:20:00,Regular Season,HEYTEA FC,,Say My Neymar,,False,False,Tanahey Playground (TAN),,
13852859,9,2026-10-29T21:05:00,Regular Season,Pacific Penguins FC,,FA Rat United FC,,False,False,Tanahey Playground (TAN),,
13852860,10,2026-11-05T18:45:00,Regular Season,Runny Gyoks FC,,FA Rat United FC,,False,False,Tanahey Playground (TAN),,
13852861,10,2026-11-05T19:35:00,Regular Season,Gowanus Canal Shrimps,,Rat City FC,,False,False,Tanahey Playground (TAN),,
13852862,10,2026-11-05T20:20:00,Regular Season,Fearless United,,HEYTEA FC,,False,False,Tanahey Playground (TAN),,
13852863,10,2026-11-05T21:05:00,Regular Season,The Other Secret Team,,Say My Neymar,,False,False,Tanahey Playground (TAN),,
